352,1882
2360,1843
4252,1955
6056,2105
7960,1950
9860,1989
11660,1960
13756,1929
15864,1984
17960,2034
19964,1994
22060,1969
24156,2149
26264,2021
28360,1959
30460,1879
32460,1770
34556,2150
36652,1875
38756,2247
40852,2021
42952,1953
44956,2267
47064,2278
49156,2051
51156,1954
53160,2138
55256,2244
57452,2123
59552,2002
61556,1930
63652,2143
65660,1994
67664,1969
69764,1801
71840,2113
73864,1972
75964,1977
78060,1955
80160,2143
82256,1993
84260,1998
86264,2166
88360,1948
90456,2145
92552,2278
94656,2022
96660,1993
98756,2168
100760,2001
103056,2278
105356,2026
107660,1948
109964,2161
112252,1940
114552,1908
116856,1960
119064,2353
121360,1969
123656,2281
125864,1844
128240,1995
130464,2142
132760,1786
135056,2115
137364,2185
139664,1956
141960,1928
144256,2149
146564,1994
148860,2054
151156,1957
153456,2136
155764,2150
157960,2012
160260,1808
162560,1918
164864,1969
167156,1955
169456,2158
171664,1982
173960,1916
176340,1920
178564,2231
180864,1745
183160,2092
185468,1926
187764,1885
190064,1894
192360,2111
194664,2211
196956,1951
199256,2274
201556,1977
203764,1996
206152,1982
208452,2121
210664,2263
212964,1956
215340,1906
217640,1909
219864,2029
222164,1995
224552,1921
226840,2141
229068,2142
231368,1880
233756,1974
236056,1890
238356,1970
240664,1876
242952,2218
245252,1956
247552,1794
249856,1984
252152,1881
254452,1756
256752,1973
259040,2371
261356,2170
263656,1928
265956,1808
268256,1952
270552,1917
272852,2054
275152,2130
277452,1966
279756,1994
282060,2203
284360,1908
286660,1899
288960,1874
291260,2031
293464,2101
295764,2006
298064,2356
300364,1952
302664,1874
304960,1893
307264,1964
309560,2153
311860,2270
314068,1880
316368,1884
318664,1914
320964,2000
323256,1987
325556,2291
327864,2249
330164,1900
332360,2049
334660,1939
336864,1913
339252,2001
341552,1977
343852,1912
346160,2145
348452,2149
350740,1972
352968,1936
355264,1974
357656,1953
359956,1906
362256,1951
364560,1996
366852,1744
369152,1956
371452,1952
373752,1915
376052,1945
378352,2029
380652,2262
382952,2158
385252,2138
387552,1787
389852,1947
392152,1979
394452,1894
396752,2349
399052,1942
401352,2122
403664,2020
405952,1947
408252,1998
410556,1984
412864,1937
415152,1959
417452,1964
419668,1994
422052,1902
424356,2285
426560,2182
428860,2153
431252,2290
433368,2269
435664,1990
437964,1972
440260,1969
442556,1985
444760,2232
447060,1993
449360,1972
451664,2265
453956,1893
456256,1947
458556,1814
460860,2138
463068,1993
465364,2002
467664,2141
469960,1891
472256,1945
474464,2188
476760,1963
479060,2105
481364,1889
483656,1993
485956,2000
488256,2127
490564,1989
492856,2137
495156,1848
497456,2170
499660,1985
502040,1875
504340,1817
506640,1975
508940,2000
511260,1891
513564,2325
515852,2281
518156,2159
520460,1884
522760,1978
524964,1888
527260,1984
529568,1889
531864,1987
534164,1892
536460,1930
538756,1956
541056,1905
543356,1914
545660,1756
547968,2231
550164,1984
552460,2033
554760,1927
556964,1976
559352,2265
561656,2023
563860,2146
566160,2256
568460,1981
570760,1995
573052,2191
575356,1997
577664,2277
579956,1996
582160,2141
584460,2003
586664,2046
589040,1997
591340,2282
593652,2212
595952,1886
598252,2282
600552,2250
602856,1918
605156,2281
607456,2240
609756,2109
612056,2333
614264,2143
616656,1998
618956,2142
621260,2370
623468,1896
625856,1791
628160,1932
630460,2145
632760,1956
634968,2211
637268,1883
639652,1955
641952,2257
644260,2279
646552,1938
648852,2249
651140,2238
653460,1877
655664,1940
657964,1999
660260,1987
662564,2229
664864,1896
667160,2145
669364,2143
671664,1987
674052,2012
676340,2311
678640,2230
680868,2137
683256,1996
685556,2165
687856,2137
690156,2199
692456,1899
694756,1947
697056,1922
699356,1951
701656,1997
703956,2111
706260,1933
708464,1914
710856,1804
713156,1979
715456,1778
717760,2205
720056,2337
722264,2087
724560,2140
726860,2009
729156,1857
731460,2235
733752,2138
736052,1938
738360,1996
740660,2270
742964,1999
745256,2024
747560,1941
749860,2128
752152,1908
754452,2145
756760,2241
759040,2181
761352,2277
763652,2111
765860,1947
768164,1947
770460,1932
772760,2069
775060,1989
777360,1951
779652,1891
781952,2235
784252,1987
786560,2026
788864,1899
791156,2263
793456,2005
795752,2144
798056,2142
800356,2287
802656,2242
804964,1958
807256,2019
809556,1987
811856,1975
814164,2160
816456,2107
818756,1887
820964,2212
823260,1976
825640,1972
827864,1883
830164,2270
832460,2136
834756,1866
837052,2258
839356,2218
841656,1958
843952,2195
846252,1759
848552,1894
850852,2153
853160,1903
855452,2081
857752,2185
860056,1902
862364,1951
864652,1738
866952,1948
869256,2025
871468,2126
873768,2153
876064,1935
878364,2251
880752,2152
883052,2093
885356,1767
887560,2269
889864,2074
892156,1964
894364,2212
896660,2004
898960,1998
901264,2004
903556,2255
905760,1924
908060,1939
910364,1988
912664,1936
914964,2247
917260,1761
919640,2150
921860,2101
924160,1958
926452,1897
928752,1971
931052,2227
933352,2012
935652,2013
937956,1947
940252,2277
942556,2181
944856,2003
947156,1964
949456,1960
951756,1886
953964,1776
956264,2065
958652,2243
960860,2165
963160,1894
965452,1953
967760,1972
970052,2193
972352,2148
974656,1986
976964,1966
979252,1967
981552,2002
983760,2208
986040,1845
988356,1880
990656,1971
992960,2061
995260,1890
997560,1968
999860,2369
1002152,1970
1004652,2209
1007156,1987
1009568,1985
1012064,2007
1014640,1903
1017064,1977
1019556,1789
1022064,1898
1024556,1995
1026964,2154
1029552,1947
1031960,2245
1034540,1963
1037052,2218
1039564,2284
1042052,1884
1044460,1790
1046956,2206
1049456,1774
1051960,2232
1054464,1765
1057056,2043
1059464,2048
1062052,1746
1064556,1878
1066964,2236
1069560,2001
1072060,2263
1074556,2139
1077056,1989
1079564,2369
1082056,2116
1084564,1951
1087064,1958
1089560,2244
1092060,1869
1094560,1928
1097152,2120
1099564,2151
1102156,1811
1104564,1992
1107156,2348
1109660,1948
1112160,1999
1114664,2001
1117156,2186
1119664,2167
1122156,2285
1124664,2368
1127156,2273
1129664,1993
1132164,2172
1134752,2003
1137256,1910
1139764,2268
1142256,2155
1144760,2144
1147352,1869
1149760,2206
1152352,1776
1154760,2275
1157264,2225
1159756,1887
1162260,1965
1164764,2153
1167256,1781
1169764,2023
1172264,1940
1174760,2055
1177264,2173
1179760,1998
1182264,2264
1184764,2269
1187360,1958
1189768,2133
1192264,1926
1194852,1959
1197340,2157
1199856,1996
1202356,2235
1204764,2172
1207360,1751
1209860,2139
1212364,1875
1214864,1963
1217364,2225
1219864,2139
1222364,1751
1224956,2360
1227460,2151
1229960,2131
1232464,1793
1234960,1986
1237460,1884
1239964,1970
1242464,1948
1244964,1994
1247556,1884
1249964,2000
1252556,1757
1255060,2139
1257652,1913
1260060,2136
1262560,1958
1265056,1966
1267556,1849
1270068,2138
1272652,1958
1275152,1897
1277564,1770
1280156,1978
1282560,2149
1285060,2207
1287568,2139
1290056,2146
1292564,1750
1295140,1936
1297640,1999
1300152,1983
1302664,1936
1305156,2061
1307660,1984
1310164,1874
1312664,2135
1315256,2049
1317664,2352
1320160,1977
1322660,2145
1325168,2201
1327656,1868
1330156,2005
1332664,1889
1335164,1934
1337664,1950
1340164,1754
1342752,1917
1345256,2070
1347764,2259
1350256,2278
1352764,1872
1355264,1964
1357856,2141
1360268,1997
1362852,2156
1365352,1916
1367856,1908
1370356,1928
1372764,1992
1375352,2017
1377764,2260
1380264,2168
1382760,1938
1385260,2207
1387852,1901
1390356,2366
1392856,2257
1395360,2145
1397868,2001
1400356,1843
1402856,2152
1405364,1750
1407952,1957
1410464,2124
1412956,2028
1415452,1917
1417960,2271
1420456,1920
1422864,1899
1425356,2172
1427864,2207
1430352,1877
1432856,1963
1435264,1966
1437760,2017
1440264,2110
1442764,2369
1445264,1989
1447764,2356
1450260,1934
1452740,1889
1455168,2152
1457752,1974
1460264,1990
1462756,1986
1465260,1946
1467756,2162
1470260,2145
1472852,1918
1475260,1966
1477768,2013
1480352,2007
1482764,1862
1485256,2208
1487760,2005
1490256,1995
1492756,1962
1495260,2287
1497764,1949
1500352,2002
1502856,1946
1505268,1916
1507768,1878
1510256,2287
1512756,1975
1515256,1982
1517764,2362
1520352,1967
1522764,1937
1525352,2310
1527764,1942
1530260,1884
1532760,1996
1535260,2053
1537764,2145
1540352,1987
1542856,2172
1545356,1895
1547764,1955
1550360,1993
1552840,2274
1555352,1981
1557852,2015
1560356,1971
1562856,1886
1565264,2193
1567856,1894
1570360,1995
1572852,1957
1575360,1989
1577860,2018
1580360,2039
1582860,2257
1585360,2034
1587864,1983
1590452,1816
1592864,2195
1595352,1896
1597852,1973
1600264,2192
1602852,2138
1605264,1967
1607852,1782
1610356,2124
1612864,2311
1615356,1999
1617856,1877
1620364,2143
1622952,1982
1625452,1978
1627860,1896
1630452,1878
1632860,2102
1635440,2033
1637956,1999
1640368,2040
1642956,1893
1645364,2223
1647860,1994
1650364,1759
1652860,2154
1655352,2243
1657760,2010
1660252,2291
1662756,1807
1665256,1968
1667760,2275
1670268,2236
1672756,1902
1675260,2161
1677768,2005
1680256,2173
1682760,1993
1685260,2182
1687852,1973
1690352,2365
1692768,1889
1695352,1865
1697760,2245
1700352,1996
1702856,1927
1705364,1970
1707856,2128
1710352,1811
1712856,1932
1715356,2045
1717764,1959
1720340,2016
1722764,2005
1725264,2093
1727760,1935
1730264,2147
1732760,2147
1735264,2130
1737852,2195
1740360,1957
1742940,1910
1745360,2254
1747860,2014
1750452,1974
1752956,1953
1755456,2044
1757864,1951
1760460,1883
1762960,1984
1765540,2000
1767960,1765
1770460,1874
1773052,1894
1775460,1945
1778052,2001
1780556,2365
1783056,1973
1785468,2353
1787964,2258
1790540,1923
1792960,2070
1795552,1933
1798056,1990
1800556,2044
1802964,1769
1805460,1749
1807952,1925
1810460,1994
1812964,2018
1815452,1993
1817952,2143
1820360,2153
1822952,1794
1825456,2287
1827952,1808
1830356,1894
1832860,2188
1835452,1937
1837860,1886
1840360,1998
1842864,2260
1845456,1967
1847956,2221
1850468,2249
1852960,1980
1855460,2005
1858040,1955
1860552,2143
1863064,1930
1865564,1808
1868052,2245
1870556,1794
1873064,2143
1875556,1877
1878064,1884
1880652,1779
1883060,1971
1885652,2328
1888060,2256
1890652,2019
1893060,1960
1895640,2154
1898060,1994
1900640,1934
1903060,2206
1905560,1965
1908152,1949
1910656,1948
1913156,1988
1915656,1958
1918240,2000
1920756,2029
1923252,1912
1925756,1851
1928164,2079
1930664,2040
1933164,2006
1935664,1999
1938152,2194
1940664,2151
1943160,1894
1945664,1958
1948252,2145
1950760,1968
1953264,1896
1955756,1902
1958252,2369
1960664,2022
1963260,2373
1965764,1952
1968264,1987
1970764,2174
1973260,1990
1975764,1904
1978264,2147
1980860,2223
1983360,2001
1985860,2225
1988360,1751
1990952,2222
1993364,1988
1995956,1923
1998364,2032
2000960,2189
2003460,1863
2005964,2240
2008460,2148
2010964,2253
2013460,1940
2015868,1970
2018460,1942
2020964,2159
2023460,1983
2025964,1942
2028464,2270
2031060,1829
2033564,2269
2036060,2144
2038564,1876
2041060,2149
2043556,1915
2046056,2152
2048552,2147
2051052,1933
2053464,1973
2055964,1959
2058460,2234
2060960,1951
2063540,1894
2066052,1943
2068460,1999
2070960,2217
2073460,2024
2076052,1996
2078552,2144
2081052,1909
2083460,1933
2085968,1979
2088456,2144
2090956,2080
2093464,2027
2095964,1945
2098556,2108
2100964,1891
2103556,1913
2105968,1746
2108460,2266
2110964,2144
2113464,2251
2115960,2245
2118464,2185
2121056,1957
2123560,2342
2126056,1812
2128464,1751
2130960,2003
2133460,1903
2135964,2142
2138460,2139
2140960,1880
2143552,2149
2146056,2144
2148556,2007
2150964,2085
2153556,2317
2156060,2288
2158564,2367
2161060,2005
2163560,1897
2166152,1756
2168660,2285
2171156,1935
2173564,1926
2176060,1816
2178564,1842
2181064,1951
2183564,2159
2186064,1998
2188564,1982
2191064,1889
2193660,2164
2196160,2121
2198660,2013
2201164,1983
2203660,2027
2206164,2379
2208664,2298
2211160,1998
2213664,2184
2216164,2067
2218664,2150
2221160,1937
2223664,1886
2226168,2095
2228664,2234
2231252,2144
2233740,2329
2236160,1777
2238752,2148
2241260,2376
2243756,2287
2246260,2334
2248852,1975
2251260,1921
2253764,1996
2256260,1961
2258760,1989
2261352,1981
2263856,1886
2266356,2197
2268860,2222
2271356,1792
2273840,1890
2276360,2291
2278864,1951
2281356,2001
2283856,1745
2286264,1920
2288760,1963
2291264,1967
2293852,1944
2296260,1841
2298764,1890
2301260,2197
2303764,1987
2306264,1970
2308840,1943
2311264,1995
2313764,2243
2316356,2333
2318860,2226
2321364,1927
2323864,1967
2326364,2241
2328864,1942
2331364,2055
2333956,1961
2336460,1782
2338956,1973
2341364,1926
2343960,1953
2346460,1871
2348956,2285
2351456,1917
2353868,1976
2356440,2155
2358956,1973
2361456,2001
2363864,1763
2366364,2024
2368864,1964
2371452,1944
2373952,2011
2376456,1931
2378956,2367
2381440,2005
2383960,1994
2386464,1974
2388956,2018
2391464,1936
2394052,2374
2396560,2189
2399052,2043
2401552,1971
2403964,2171
2406556,2001
2409056,2158
2411568,1912
2414060,1931
2416560,1951
2419156,1969
2421564,1739
2424064,1983
2426564,1894
2429160,1903
2431664,1995
2434164,1758
2436752,2170
2439264,2237
2441756,1890
2444164,1967
2446760,2245
2449260,1902
2451760,2237
2454252,2150
2456752,2357
2459260,2180
2461740,2003
2464168,2190
2466656,1797
2469164,2074
2471664,2107
2474256,2168
2476668,2233
2479168,2247
2481752,1947
2484264,1917
2486756,1955
2489256,1996
2491764,1791
2494352,2377
2496852,2287
2499264,1996
2501852,1961
2504360,1833
2506856,1894
2509360,2183
2511864,1998
2514364,1853
2516940,2147
2519460,2262
2521964,1997
2524464,1790
2526964,1985
2529464,1849
2531956,1937
2534364,1901
2536960,1984
2539452,2194
2541960,2025
2544456,2143
2546956,1781
2549364,1944
2551864,1908
2554356,1759
2556764,1921
2559360,1972
2561864,1835
2564360,2282
2566864,2155
2569360,1890
2571864,2090
2574452,1954
2576864,2009
2579364,2147
2581956,1998
2584460,2304
2586956,2199
2589456,1973
2591964,1960
2594552,2130
2597040,1969
2599552,1891
2602064,1884
2604556,2144
2607060,1934
2609640,1960
2612152,2366
2614664,1998
2617156,1957
2619664,1935
2622168,1936
2624660,1956
2627160,2250
2629664,2283
2632252,1938
2634760,2303
2637264,2082
2639764,2224
2642264,1943
2644764,2075
2647356,1910
2649860,2179
2652356,1996
2654764,2323
2657356,2124
2659860,1964
2662360,1952
2664860,1984
2667360,1994
2669856,2151
2672264,2289
2674856,2001
2677360,1959
2679940,2019
2682360,1957
2684860,1888
2687356,1986
2689856,1962
2692364,1999
2694856,1901
2697364,2272
2699856,1952
2702364,2021
2704868,1753
2707356,1955
2709864,1761
2712364,2004
2714860,1900
2717364,2266
2719956,1887
2722368,2167
2724960,2308
2727460,1974
2729964,2130
2732460,1940
2734964,1963
2737460,2284
2739960,1923
2742540,2149
2744960,1956
2747464,2220
2750040,2197
2752460,1911
2755052,1929
2757556,2287
2760056,1942
2762556,2015
2765056,1942
2767560,2007
2770056,2285
2772468,1942
2774956,2152
2777552,2164
2780056,1967
2782556,2286
2784968,1970
2787560,1906
2790064,2009
2792564,1937
2795064,1951
2797556,1990
2800140,1757
2802652,1951
2805152,2155
2807656,2137
2810060,1901
2812564,2314
2815064,1874
2817564,1752
2820056,1997
2822564,1999
2825064,2364
2827656,1985
2830064,2050
2832660,2142
2835160,1895
2837660,1954
2840164,2244
2842660,2009
2845164,1900
2847656,2270
2850164,1963
2852668,1937
2855164,1926
2857752,1938
2860252,2010
2862756,2138
2865256,1985
2867760,1901
2870264,2002
2872760,1783
2875264,2003
2877856,2234
2880264,1963
2882760,2222
2885264,2150
2887760,2011
2890264,2002
2892764,2124
2895264,2029
2897756,1820
2900264,1787
2902756,1771
2905260,2353
2907764,1917
2910360,1819
2912864,2271
2915360,1971
2917864,1999
2920368,1959
2922864,1946
2925452,2213
2927940,1978
2930456,2005
2932956,1931
2935364,1953
2937956,1962
2940368,1896
2942860,1911
2945452,1926
2947956,1897
2950456,1992
2952956,1886
2955456,2301
2957868,1750
2960460,1937
2962960,1934
2965464,1988
2967964,1996
2970468,2051
2972964,2322
2975552,1960
2978052,1886
2980460,1944
2983052,2283
2985460,1756
2987960,2260
2990552,1980
2993060,1965
2995556,1798
2998056,1786
3000640,1893
3003152,2283
3005652,2003
3008156,1885
3010668,1743
3013160,2102
3015660,1907
3018252,1974
3020760,1826
3023260,2158
3025760,2158
3028260,2055
3030764,2162
3033360,1992
3035864,2001
3038364,2330
3040952,1887
3043368,1967
3045952,1994
3048364,2382
3050864,1992
3053356,1983
3055856,1892
3058264,2023
3060764,1940
3063268,1936
3065852,2014
3068364,1926
3070856,1745
3073452,1885
3075860,2214
3078452,1953
3080856,1907
3083364,1846
3085856,1889
3088264,1993
3090764,2190
3093252,1948
3095756,2147
3098164,2058
3100760,2158
3103264,1947
3105756,1970
3108264,1801
3110840,1914
3113360,1944
3115864,2021
3118364,1955
3120868,1971
3123460,2166
3125964,2351
3128464,1923
3130964,1973
3133464,1941
3135964,2003
3138456,1962
3140952,2286
3143364,2252
3145864,2289
3148364,1899
3150960,2387
3153452,2000
3155864,2287
3158364,1972
3160952,2088
3163452,1927
3165956,1850
3168456,1842
3170864,2350
3173460,2239
3175952,2085
3178364,2000
3180864,1878
3183452,2252
3185952,2249
3188364,2182
3190956,2199
3193464,1981
3195964,1964
3198540,1978
3201064,1929
3203564,1915
3206056,1990
3208564,1759
3211064,2142
3213560,1959
3216064,2094
3218560,2143
3221064,1777
3223560,1978
3226064,1752
3228556,1978
3231064,1899
3233556,2002
3236056,1873
3238560,2167
3241068,2140
3243560,1976
3246060,2194
3248652,2190
3251156,1937
3253656,1935
3256160,2247
3258656,2286
3261068,2262
3263660,1751
3266156,1950
3268564,2013
3271160,1894
3273664,1961
3276164,1964
3278664,1998
3281164,2070
3283664,1979
3286160,1992
3288652,2169
3291056,1808
3293564,2282
3296056,1931
3298552,2179
3300964,1884
3303552,1948
3306056,2357
3308464,1969
3311056,2155
3313560,1758
3316056,2208
3318560,2099
3321068,2255
3323556,2233
3326064,1876
3328556,1946
3331056,1937
3333556,1962
3336056,2052
3338556,2177
3340964,1893
3343552,1896
3345960,2126
3348460,2032
3351052,2141
3353556,1955
3356056,1898
3358556,1956
3361056,2140
3363560,1951
3366056,1915
3368464,2170
3371056,2144
3373560,1986
3376052,1985
3378464,2275
3381052,1895
3383552,2147
3385960,2151
3388468,1969
3390956,2002
3393456,2337
3395964,1913
3398552,1910
3401052,2027
3403556,1894
3406056,1901
3408464,1989
3411056,1760
3413560,2141
3416064,2005
3418560,1748
3421060,1965
3423652,1759
3426160,1941
3428656,2184
3431156,2215
3433668,1959
3436252,1945
3438764,2064
3441256,1958
3443764,1923
3446252,1944
3448664,2001
3451256,2019
3453664,2239
3456260,1985
3458760,2228
3461260,1865
3463760,1985
3466352,2150
3468764,1995
3471268,1942
3473860,1943
3476364,2236
3478864,2285
3481364,2131
3483864,1931
3486452,1842
3488960,2004
3491452,1933
3493960,2197
3496452,2148
3498960,1945
3501456,2222
3503960,2141
3506552,2146
3508964,1985
3511460,2289
3513964,2034
3516556,1922
3519060,1986
3521560,1974
3524064,2076
3526564,1995
3529060,1916
3531560,2218
3534156,1803
3536564,2220
3539156,1987
3541660,1980
3544160,2278
3546664,1765
3549156,1875
3551664,2241
3554252,2303
3556764,1992
3559256,1954
3561752,1831
3564164,2283
3566752,2043
3569164,1953
3571652,1943
3574152,2106
3576656,2023
3579156,1998
3581660,2352
3584160,2165
3586660,1882
3589252,1891
3591664,2244
3594152,1941
3596652,1961
3599156,1941
3601656,1922
3604064,2147
3606660,2253
3609160,1743
3611752,1952
3614164,1978
3616668,1755
3619164,2173
3621656,1935
3624164,2146
3626752,1829
3629252,2381
3631756,2211
3634268,1946
3636760,2023
3639260,2087
3641852,1939
3644260,2157
3646852,1991
3649360,2366
3651856,2039
3654264,2078
3656764,1944
3659264,2019
3661856,2225
3664360,1978
3666864,1883
3669352,2152
3671764,2303
3674264,1941
3676768,1996
3679264,1996
3681852,1992
3684264,2227
3686856,2176
3689264,1971
3691764,1739
3694264,1880
3696856,1942
3699260,1974
3701852,2314
3704356,2008
3706764,2275
3709264,1967
3711852,1937
3714260,2191
3716760,2001
3719352,1872
3721764,1911
3724264,2154
3726764,1882
3729352,1930
3731860,1936
3734352,2027
3736856,1925
3739264,2238
3741860,2147
3744364,2146
3746860,1995
3749352,1869
3751764,1944
3754264,1923
3756852,2197
3759352,2002
3761764,2008
3764360,2367
3766864,2008
3769360,1939
3771864,2217
3774440,2273
3776960,1967
3779460,2133
3781960,1896
3784464,1992
3786960,2144
3789456,1952
3791964,1944
3794460,1952
3796960,1987
3799552,1978
3801964,2273
3804556,2005
3807060,1969
3809560,2143
3812064,2069
3814564,2249
3817052,2074
3819564,1759
3822056,1846
3824560,1911
3827060,1982
3829560,1980
3832060,2268
3834556,2185
3837068,1934
3839560,2145
3842156,1956
3844564,1878
3847056,1900
3849564,2003
3852056,1948
3854552,2017
3857056,1891
3859556,1949
3861968,1897
3864556,2338
3867064,1975
3869556,2028
3872068,2015
3874652,2163
3877152,1941
3879564,1979
3882156,2295
3884564,2297
3887056,1951
3889652,1916
3892156,1930
3894656,2164
3897160,2039
3899656,1937
3902160,2288
3904660,1998
3907164,2018
3909660,2271
3912164,1751
3914756,2147
3917260,1969
3919764,2030
3922268,2069
3924852,2117
3927356,1959
3929768,2116
3932360,2257
3934864,1743
3937360,2003
3939860,1935
3942364,2037
3944956,2002
3947460,2201
3949960,1885
3952460,2283
3954956,2269
3957452,1963
3959964,1995
3962456,1921
3964964,2347
3967452,1969
3969864,2223
3972364,1914
3974952,1963
3977452,2056
3979864,1957
3982460,2340
3984964,2279
3987456,2172
3989964,2189
3992460,1944
3995052,1906
3997556,1973
4000056,2312
4002556,2254
4005060,1982
4007564,2334
4010060,1994
4012564,1968
4015056,1946
4017564,2089
4020152,1991
4022660,2256
4025160,1929
4027660,2032
4030164,1854
4032664,2129
4035164,2359
4037664,1998
4040252,1987
4042660,2293
4045156,1760
4047656,1782
4050156,2222
4052568,1990
4055160,2179
4057664,1825
4060156,2111
4062740,1949
4065256,1996
4067764,2139
4070256,1925
4072852,1999
4075264,1778
4077760,2177
4080256,2035
4082664,2274
4085164,1821
4087752,2013
4090264,2097
4092756,1953
4095256,2286
4097668,2172
4100160,2027
4102660,2033
4105164,2011
4107660,2063
4110160,2284
4112656,1984
4115064,1835
4117560,1823
4120064,1935
4122564,2038
4125152,2216
4127564,1958
4130060,2359
4132564,2141
4135060,2034
4137564,1902
4140152,1983
4142564,1941
4145064,2008
4147656,1977
4150160,2150
4152656,1828
4155160,2286
4157752,2095
4160160,1882
4162668,1897
4165252,2207
4167760,2076
4170264,2159
4172752,2031
4175264,1945
4177756,2108
4180264,1852
4182764,2207
4185356,2272
4187860,1918
4190360,1943
4192864,1990
4195360,2034
4197852,1955
4200260,1994
4202852,2090
4205260,2182
4207852,1996
4210264,2140
4212852,2374
4215356,1999
4217868,2185
4220360,1997
4222860,1946
4225452,1841
4227956,2243
4230360,2177
4232864,1774
4235456,2008
4237864,2252
4240460,2004
4242960,1997
4245464,2294
4247960,1948
4250464,1942
4252964,1984
4255464,2204
4257964,1959
4260452,2279
4262964,1784
4265456,1965
4267956,1905
4270452,2004
4272860,2290
4275452,1877
4277956,1956
4280452,1828
4282860,2033
4285364,2219
4287956,2195
4290460,1912
4292960,1971
4295460,1993
4297960,1943
4300464,1810
4302964,1984
4305456,1946
4307960,1880
4310456,1998
4312960,2162
4315540,1996
4317960,1900
4320552,2143
4323056,2009
4325564,1777
4328060,2006
4330564,2157
4333056,1832
4335464,1990
4337964,2139
4340552,2105
4343052,1746
4345556,1937
4348068,1907
4350560,1740
4353152,2332
4355560,1956
4358064,1989
4360560,1962
4363060,1992
4365656,2146
4368064,1991
4370656,2366
4373160,2239
4375660,2177
4378164,1949
4380656,2224
4383164,1880
4385752,2137
4388260,2005
4390752,1951
4393252,1948
4395760,2227
4398256,1844
4400760,2195
4403352,2155
4405764,1946
4408264,2118
4410764,1977
4413352,1981
4415852,2025
4418264,1943
4420856,2188
4423360,1998
4425860,2275
4428360,1736
4430860,1747
4433364,1978
4435856,2152
4438356,2042
4440860,1885
4443356,2021
4445860,2164
4448360,1918
4450864,1966
4453356,1980
4455856,1941
4458356,1942
4460864,1939
4463356,1946
4465952,1947
4468456,1956
4470956,1750
4473460,2013
4476052,1928
4478464,1951
4481056,1912
4483464,2199
4485956,1999
4488464,2176
4491052,2145
4493464,1993
4496052,1812
4498468,2019
4501052,2024
4503564,1953
4506060,2370
4508560,1933
4511140,2230
4513560,2273
4516060,1912
4518560,1992
4521152,2234
4523656,1956
4526164,2290
4528660,2244
4531160,2268
4533752,1794
4536164,1953
4538756,2178
4541168,1987
4543668,2145
4546160,1892
4548752,2344
4551160,2224
4553664,2268
4556256,1975
4558760,1953
4561260,2290
4563764,2199
4566260,1955
4568756,1964
4571252,2010
4573664,1889
4576164,2136
4578664,1816
4581252,1875
4583752,2281
4586164,2155
4588664,1880
4591168,1765
4593760,2015
4596264,2013
4598756,2140
4601256,1949
4603664,1898
4606164,2155
4608656,1967
4611160,2205
4613664,1753
4616152,1991
4618664,2248
4621156,1911
4623560,1999
4626064,2223
4628560,2195
4631064,1901
4633556,1906
4636056,1935
4638464,2024
4640964,2303
4643464,1989
4645960,2074
4648464,1999
4650956,2376
4653552,2088
4656056,1957
4658564,2362
4661056,1978
4663568,1915
4666156,2165
4668656,2263
4671068,2149
4673564,2101
4676056,2056
4678556,2087
4681064,2142
4683564,1940
4686064,1929
4688564,1997
4691160,1963
4693664,2070
4696164,2227
4698752,2272
4701264,1953
4703756,2203
4706260,2248
4708852,2217
4711360,2225
4713856,2133
4716360,1979
4718952,1957
4721456,1947
4723956,2286
4726460,1992
4728956,2184
4731460,1988
4733960,2175
4736456,2148
4738864,1952
4741360,1924
4743852,2139
4746356,1999
4748764,1948
4751352,2355
4753852,2187
4756264,1968
4758764,2156
4761256,1959
4763764,1997
4766340,1943
4768860,1767
4771352,1996
4773764,2002
4776264,2274
4778852,2029
4781352,2270
4783764,2276
4786364,2147
4788856,2304
4791364,1829
4793952,1856
4796464,1952
4798956,2181
4801460,1840
4804052,2351
4806556,2266
4809056,1991
4811556,1764
4814152,1940
4816560,2018
4819152,2175
4821656,2143
4824168,1898
4826660,1890
4829160,2139
4831756,2104
4834260,2284
4836756,1958
4839260,2003
4841852,1907
4844260,1954
4846852,2357
4849264,1984
4851856,2158
4854360,2223
4856860,1897
4859364,1961
4861856,1885
4864356,1901
4866764,1960
4869260,2169
4871764,2136
4874356,1951
4876764,1889
4879352,1964
4881864,2274
4884356,1973
4886952,1991
4889360,1953
4891860,1916
4894356,1947
4896764,1912
4899264,1963
4901852,2089
4904364,1950
4906856,2387
4909440,1968
4911956,1857
4914456,1962
4916960,2150
4919460,2143
4921964,1886
4924460,1991
4926964,2377
4929456,2162
4931964,1965
4934552,2148
4937052,2151
4939556,1945
4942056,2008
4944468,1894
4947060,2158
4949564,1899
4952056,2001
4954640,2046
4957060,2000
4959556,1759
4962056,2000
4964564,2150
4967152,2225
4969664,2234
4972160,1765
4974664,2250
4977252,1998
4979660,1957
4982160,2002
4984664,1993
4987160,1904
4989652,2286
4992152,2029
4994560,1890
4997064,1921
4999560,2074
5002064,1889
5004564,2133
5007140,2278
5009652,2014
5012156,1998
5014656,1755
5017064,1884
5019660,1993
5022164,1826
5024656,2357
5027164,1754
5029756,2107
5032256,1868
5034760,1987
5037260,1922
5039764,2032
5042264,1993
5044756,2263
5047168,1995
5049664,1979
5052252,1942
5054752,2190
5057164,1989
5059760,2209
5062256,1915
5064740,1961
5067260,1932
5069756,1958
5072252,2136
5074664,2142
5077260,2143
5079756,1910
5082256,1918
5084760,2240
5087352,2152
5089852,1902
5092260,1734
5094852,1966
5097264,1921
5099764,1954
5102352,1993
5104856,2260
5107268,1766
5109860,1913
5112356,1850
5114860,2000
5117360,1914
5119868,1906
5122464,2033
5124964,2196
5127464,1869
5129964,1997
5132556,2368
5134964,2255
5137560,1983
5140060,1988
5142560,1752
5145064,1987
5147556,1976
5149960,1948
5152460,2251
5155052,1912
5157464,1961
5159960,2349
5162452,1971
5164960,1884
5167456,2148
5169956,1956
5172464,2145
5174956,1966
5177464,2307
5180052,1928
5182564,2213
5185056,2239
5187464,2220
5189964,1887
5192456,1831
5194964,1997
5197456,1973
5199964,1795
5202552,1995
5204960,1972
5207552,2202
5209960,2136
5212460,1917
5214964,2030
5217556,2152
5220060,2029
5222560,1991
5225060,2227
5227652,1946
5230064,1748
5232556,2136
5235140,1905
5237656,2365
5240156,1877
5242656,1955
5245252,2251
5247660,2143
5250240,1958
5252656,1906
5255156,1985
5257652,1881
5260156,2062
5262656,2040
5265156,1896
5267660,1916
5270164,1906
5272660,2139
5275164,2093
5277664,2144
5280260,1810
5282760,1893
5285260,1993
5287760,1941
5290256,2009
5292760,2248
5295256,1887
5297664,2008
5300256,2200
5302760,1995
5305264,1890
5307760,1889
5310264,1950
5312764,2143
5315352,2141
5317768,1898
5320352,1980
5322864,1908
5325356,2278
5327856,2202
5330368,1944
5332952,2016
5335460,1978
5337964,2047
5340464,1877
5342964,2153
5345560,2002
5348060,2146
5350560,1999
5353060,1996
5355560,2259
5358052,2103
5360556,2158
5363056,2231
5365464,1763
5368060,1930
5370560,2359
5373060,1989
5375564,1977
5378064,1939
5380556,2045
5382964,1929
5385460,2151
5387964,1788
5390552,2245
5393060,1878
5395556,1981
5397968,2197
5400460,1885
5403052,1941
5405460,2161
5408052,2192
5410556,1942
5413064,2202
5415560,1989
5418068,2058
5420652,1739
5423060,1894
5425656,2144
5428064,1987
5430564,2118
5433064,1935
5435656,1987
5438064,2174
5440660,2152
5443160,1913
5445660,2200
5448164,1940
5450664,1995
5453164,1935
5455664,2138
5458164,2265
5460664,2139
5463256,2277
5465664,2006
5468260,1749
5470760,2365
5473264,2265
5475764,1914
5478352,2256
5480864,2232
5483356,1895
5485952,1905
5488456,1990
5490956,1826
5493364,2141
5495864,2150
5498440,1944
5500960,2050
5503464,1936
5505956,2151
5508552,2169
5511056,2148
5513556,1980
5516060,2006
5518560,1883
5521064,2013
5523560,2277
5526064,1986
5528556,2184
5531140,2190
5533560,1983
5536152,2143
5538560,2341
5541152,1992
5543656,2246
5546156,2241
5548660,1950
5551160,1937
5553656,2364
5556064,1990
5558564,1955
5561152,2276
5563656,1983
5566064,2166
5568660,2027
5571164,1966
5573664,1886
5576156,1943
5578564,2163
5581064,1964
5583564,2155
5586156,1829
5588660,2002
5591160,1936
5593664,1942
5596156,1943
5598656,2233
5601064,2166
5603564,1991
5606064,1910
5608564,2038
5611140,2173
5613560,1986
5616152,1942
5618656,1908
5621156,1934
5623656,1967
5626240,1951
5628756,1992
5631256,2146
5633760,1764
5636256,2200
5638760,2182
5641352,1993
5643760,1882
5646264,2279
5648856,2141
5651268,1977
5653764,2211
5656352,2159
5658852,2159
5661260,1904
5663760,2128
5666264,1982
5668756,2148
5671256,2286
5673760,2141
5676256,1987
5678760,1891
5681260,1999
5683764,2329
5686256,1912
5688764,1996
5691352,1955
5693864,2232
5696356,1929
5698864,1902
5701364,2171
5703864,2352
5706452,1892
5708952,2352
5711360,2146
5713864,1986
5716456,1887
5718952,1991
5721464,2241
5723956,1816
5726552,1991
5729056,1940
5731556,1869
5734060,1938
5736560,2002
5739064,2144
5741556,2261
5744056,1995
5746464,1955
5748964,2162
5751464,1989
5754060,1977
5756552,2280
5758964,1992
5761460,2000
5763964,2001
5766456,1895
5768956,2143
5771552,1798
5774056,2168
5776556,1966
5778964,1919
5781456,2255
5783964,1985
5786552,2181
5789060,2178
5791564,1887
5794064,2230
5796652,1940
5799152,2033
5801564,1754
5804060,1993
5806564,2150
5809056,1961
5811556,2003
5813964,2244
5816560,1980
5819060,2373
5821560,1898
5824052,2186
5826556,1902
5829056,1893
5831560,1947
5834056,1984
5836560,2271
5839152,1892
5841660,1961
5844156,1985
5846568,1978
5849160,1789
5851664,1987
5854156,2185
5856656,1749
5859156,2045
5861740,2368
5864256,1751
5866756,2052
5869168,1782
5871760,1915
5874256,1994
5876764,2170
5879352,1997
5881864,2328
5884360,1937
5886860,1977
5889360,1890
5891860,2031
5894452,1942
5896864,1900
5899456,2003
5901960,1985
5904552,2145
5906960,1920
5909464,2110
5911964,2175
5914460,1944
5917052,1924
5919460,1749
5922052,2252
5924464,2041
5927052,2304
5929464,1866
5932060,1990
5934564,2195
5937056,1778
5939564,2053
5942152,1997
5944640,1932
5947056,2369
5949564,2052
5952056,1990
5954556,1934
5957056,1862
5959468,2141
5962040,1967
5964556,2137
5967056,1906
5969468,1976
5971960,2274
5974556,2157
5977040,2134
5979560,2167
5982052,2140
5984460,2204
5986964,2320
5989460,2148
5991952,1940
5994364,2310
5996864,1963
5999452,1944
6001952,1920
6004456,2018
6006952,2015
6009364,2267
6011856,1890
6014364,1754
6016860,1732
6019452,1938
6021956,2263
6024456,1939
6026868,1944
6029460,2296
6031956,1806
6034364,1971
6036864,1949
6039452,1788
6041952,2037
6044460,1970
6046956,2244
6049460,1947
6051960,1944
6054452,2025
6056860,2137
6059456,1767
6061960,1963
6064460,2144
6066960,1980
6069460,2055
6071956,2103
6074464,2336
6076960,2231
6079464,1979
6081964,1760
6084452,1952
6086860,2011
6089360,2285
6091860,1925
6094364,2139
6096856,1990
6099368,1884
6101956,1909
6104456,1963
6106864,2002
6109364,2239
6111952,1964
6114452,1902
6116956,2156
6119456,2110
6121960,2224
6124456,1998
6126964,2062
6129552,1939
6132056,1898
6134560,2358
6137060,1805
6139556,1880
6142068,2114
6144564,1907
6147064,2136
6149560,2092
6152060,1901
6154652,1965
6157156,2152
6159656,1888
6162156,2048
6164664,2214
6167156,2222
6169664,2001
6172164,2146
6174760,2131
6177264,2345
6179756,1954
6182264,2054
6184852,2162
6187356,1992
6189768,1956
6192360,2007
6194864,2145
6197364,2138
6199952,1989
6202364,1987
6204864,1984
6207452,2196
6209960,1950
6212464,1882
6214968,1967
6217460,1882
6220052,2217
6222560,1961
6225056,1930
6227468,1940
6230060,1945
6232564,1959
6235056,1939
6237652,1918
6240060,1953
6242656,1897
6245064,2198
6247564,1819
6250140,2213
6252564,1914
6255152,1880
6257564,2098
6260064,1963
6262652,1876
6265152,1979
6267564,1965
6270060,2365
6272556,2132
6275056,1981
6277564,1953
6280152,2143
6282652,1860
6285156,1955
6287656,1961
6290064,1941
6292660,2349
6295152,2139
6297564,2235
6300068,2150
6302656,1927
6305156,2224
6307564,2148
6310068,1950
6312656,1991
6315156,2151
6317568,1949
6320160,2191
6322656,1967
6325068,2049
6327640,1939
6330156,2133
6332656,2138
6335064,2267
6337564,1963
6340152,2262
6342564,1926
6345064,2131
6347652,2233
6350152,2124
6352564,1910
6355064,1934
6357556,1888
6360060,2334
6362652,2160
6365160,1939
6367660,2136
6370164,2275
6372664,2158
6375252,1897
6377752,2070
6380164,1939
6382760,2138
6385264,1898
6387764,2072
6390356,2259
6392764,1955
6395268,1981
6397856,1908
6400356,2268
6402856,2354
6405356,1738
6407764,1972
6410260,2139
6412764,2085
6415256,2147
6417764,2157
6420264,1868
6422764,2166
6425264,2052
6427860,1963
6430364,2216
6432860,2281
6435364,1765
6437864,2043
6440360,1953
6442864,1929
6445456,2272
6447960,1906
6450460,1971
6452964,1904
6455464,1930
6457968,2136
6460464,2189
6463040,2255
6465460,2161
6468052,2028
6470460,2037
6473056,2280
6475464,1990
6478060,2029
6480564,1901
6483060,1843
6485564,2074
6488056,2016
6490564,1999
6493056,2312
6495564,2342
6498152,1943
6500652,2269
6503064,2181
6505660,2065
6508164,1994
6510660,2045
6513156,1973
6515564,1884
6518160,2213
6520664,2275
6523164,1944
6525656,2142
6528156,1936
6530660,1893
6533252,1880
6535664,1988
6538156,2240
6540656,1758
6543068,2235
6545652,1943
6548064,2169
6550656,2364
6553068,1971
6555664,2213
6558164,1778
6560656,2205
6563160,2149
6565660,1848
6568252,2259
6570756,2040
6573256,2002
6575660,1904
6578164,2183
6580660,1931
6583160,2292
6585756,2102
6588256,1993
6590756,1766
6593164,1994
6595760,2042
6598260,1993
6600852,1960
6603264,2140
6605764,1969
6608260,1993
6610760,2249
6613352,1918
6615760,2016
6618352,1948
6620856,1878
6623356,1932
6625764,2126
6628356,1722
6630860,1860
6633364,1791
6635864,1979
6638364,1934
6640860,2141
6643364,2179
6645952,2113
6648456,1959
6650964,1879
6653456,1996
6655960,1897
6658552,2346
6661060,2241
6663556,2206
6666056,2175
6668564,1925
6671152,1778
6673564,1979
6676152,1994
6678652,1894
6681156,2197
6683640,1985
6686068,2139
6688652,1778
6691152,1783
6693564,1871
6696060,2031
6698564,1992
6701060,1906
6703564,1956
6706056,1975
6708564,1878
6711152,1899
6713652,2064
6716060,1907
6718652,2270
6721156,1960
6723564,2233
6726064,1971
6728564,2028
6731064,2148
6733568,1903
6736064,2339
6738652,1812
6741160,1938
6743664,2149
6746164,2258
6748668,2153
6751156,2211
6753752,1883
6756256,1973
6758756,1997
6761164,1935
6763756,2151
6766260,2186
6768760,1935
6771260,2187
6773852,1991
6776260,1944
6778764,1917
6781260,1925
6783760,1851
6786260,2315
6788752,2277
6791264,1920
6793756,1976
6796256,1940
6798852,2098
6801356,2035
6803864,2053
6806356,1944
6808864,2154
6811356,2081
6813864,1949
6816356,2119
6818864,2140
6821452,1800
6823856,1975
6826440,1935
6828860,1942
6831452,1963
6833860,1985
6836452,2143
6838956,2140
6841460,1755
6843960,1935
6846456,1751
6848964,1999
6851456,2001
6853964,1918
6856540,2039
6859040,2214
6861460,2189
6863968,1887
6866552,1888
6868964,1885
6871464,2194
6873964,2151
6876464,1803
6879052,1996
6881552,2074
6884056,2146
6886556,1752
6889060,2252
6891468,1874
6894060,2131
6896564,1954
6899060,1926
6901564,1940
6904064,1996
6906556,1862
6909056,1982
6911464,2232
6914060,1952
6916564,2129
6919056,2262
6921564,1902
6924140,1952
6926640,2042
6929152,2063
6931656,1884
6934064,1740
6936556,1951
6939068,2039
6941656,1993
6944164,1742
6946656,1940
6949164,1879
6951656,2142
6954164,2171
6956752,1933
6959256,1923
6961664,2258
6964156,1914
6966664,1984
6969156,2149
6971664,1898
6974168,1939
6976740,1936
6979252,1914
6981764,1865
6984256,2148
6986764,1941
6989352,1968
6991856,1954
6994356,2065
6996764,1930
6999264,2003
7001852,2023
7004340,2152
7006760,2251
7009260,2012
7011852,1874
7014264,1928
7016764,1880
7019256,2180
7021764,1980
7024352,1991
7026856,1954
7029268,1908
7031860,1897
7034356,2250
7036764,1912
7039264,2203
7041856,1759
7044356,2031
7046764,1843
7049356,2155
7051840,2156
7054260,1886
7056852,2184
7059260,2228
7061856,1834
7064264,1803
7066860,2011
7069340,2269
7071764,1973
7074352,2007
7076856,1950
7079356,2003
7081856,1975
7084440,1952
7086956,1785
7089456,2224
7091940,1869
7094464,2139
7096956,2145
7099440,2166
7101864,1923
7104452,1938
7106964,1959
7109456,1985
7111952,1893
7114364,1981
7116960,1937
7119464,1895
7121964,2275
7124456,1930
7126956,2120
7129456,1902
7131960,1867
7134552,2181
7136968,1940
7139552,1968
7141960,2151
7144556,2025
7147060,2210
7149556,1999
7152056,2131
7154556,2211
7157056,2110
7159560,2274
7162060,1776
7164564,1892
7167160,2264
7169656,1894
7172164,2280
7174656,2262
7177064,1963
7179564,1878
7182152,2367
7184652,1799
7187060,2314
7189560,2139
7192052,2230
7194464,1944
7197060,2014
7199552,1939
7202052,2148
7204560,1774
7207056,1961
7209464,2152
7212056,1951
7214560,1912
7217064,1948
7219564,2146
7222064,2231
7224564,1887
7227052,1954
7229564,1869
7232056,2144
7234556,1974
7237140,2053
7239560,1944
7242152,2134
7244560,1978
7247060,1968
7249560,1971
7252060,2227
7254564,2007
7257056,2261
7259564,1920
7262140,2150
7264660,2137
7267152,1989
7269656,1961
7272064,2259
7274660,1845
7277164,1972
7279660,1953
7282164,1905
7284656,2346
7287164,2081
7289656,1983
7292168,2027
7294656,2183
7297168,2221
7299656,2007
7302164,1777
7304752,2152
7307256,1986
7309756,1935
7312260,1955
7314852,2062
7317356,2119
7319856,1938
7322360,1949
7324952,1953
7327456,1909
7329956,1902
7332460,1987
7335052,1970
7337464,1837
7340060,1994
7342564,2334
7345056,1974
7347652,1914
7350160,2041
7352660,1982
7355160,2170
7357660,2040
7360156,1881
7362652,1990
7365160,1902
7367652,1997
7370164,2265
7372656,2168
7375252,2237
7377664,2280
7380256,1949
7382664,1986
7385164,2234
7387664,2266
7390260,2278
7392764,2143
7395256,2128
7397764,1983
7400352,1952
7402852,1987
7405356,1779
7407856,2074
7410360,1957
7412860,2189
7415364,2251
7417860,2136
7420352,1747
7422764,1912
7425264,1909
7427852,1740
7430352,1919
7432860,1887
7435452,1999
7437860,1920
7440364,2162
7442960,2275
7445464,1975
7447960,2166
7450456,1938
7452956,1968
7455364,2107
7457960,2149
7460452,2016
7462964,1936
7465456,1957
7467868,2364
7470364,2150
7472860,1873
7475452,1971
7477956,2148
7480456,2183
7482960,2284
7485456,1928
7487864,2045
7490356,2241
7492952,2287
7495364,1984
7497956,1900
7500460,2060
7502960,1966
7505456,2140
7507868,1898
7510364,2174
7512860,2266
7515360,2306
7517856,2147
7520364,2141
7522860,2050
7525364,1907
7527864,2018
7530440,1789
7532960,1940
7535464,2134
7537964,1931
7540552,2149
7543052,1733
7545464,2151
7547960,1938
7550468,2292
7553060,1883
7555556,1877
7557964,2277
7560464,2155
7562956,1941
7565464,1967
7568052,1899
7570564,1989
7573060,2152
7575652,2002
7578156,2313
7580660,2345
7583160,1778
7585664,2357
7588164,2074
7590752,1939
7593252,2193
7595668,2156
7598264,2196
7600760,2331
7603268,1952
7605852,2143
7608364,1984
7610856,1987
7613360,2086
7615956,2243
7618460,2045
7620960,2026
7623464,2038
7625964,2089
7628552,1989
7631056,2133
7633468,1907
7635960,1821
7638556,1975
7641060,1883
7643560,1988
7646060,1902
7648564,2274
7651152,1959
7653652,2188
7656064,2009
7658660,2149
7661156,2067
7663564,1776
7666064,2155
7668656,1977
7671156,2168
7673660,1733
7676160,1959
7678664,1753
7681252,2248
7683756,1969
7686252,1944
7688664,1930
7691164,2224
7693664,1839
7696240,1790
7698664,2245
7701252,1874
7703756,1893
7706164,2146
7708656,1960
7711164,1922
7713752,2277
7716252,1980
7718756,2113
7721256,2053
7723756,1967
7726264,2172
7728852,1731
7731352,1998
7733856,1958
7736364,1872
7738860,1893
7741360,1831
7743956,2145
7746452,1935
7748952,1946
7751360,2136
7753952,1874
7756460,1918
7758960,2278
7761452,2145
7763864,1964
7766364,1978
7768956,2132
7771456,2018
7773960,2136
7776460,1743
7778964,1886
7781464,1731
7784052,1984
7786564,2136
7789056,1980
7791556,2150
7794140,1945
7796656,2227
7799156,1899
7801660,1990
7804160,1802
7806660,1963
7809160,2005
7811664,1933
7814256,1716
7816760,1963
7819252,1893
7821764,1935
7824256,1946
7826840,2283
7829260,1933
7831760,1891
7834256,1967
7836664,1890
7839240,2248
7841756,2005
7844256,2247
7846664,1986
7849164,2149
7851752,1935
7854264,2249
7856760,2163
7859268,2147
7861856,2141
7864264,2139
7866764,2043
7869352,2357
7871864,2152
7874356,1995
7876952,1918
7879364,1881
7881956,2272
7884368,2070
7886964,1965
7889456,2354
7891868,2137
7894364,2146
7896952,2255
7899360,2213
7901864,2056
7904460,1924
7906960,2148
7909460,1976
7911952,2043
7914364,2261
7916868,1917
7919356,1985
7921952,1963
7924460,1878
7926960,2255
7929464,2264
7931964,2151
7934552,1895
7936968,1941
7939464,1822
7942052,1923
7944552,2134
7946964,1968
7949560,2010
7952052,1967
7954468,2133
7956960,1892
7959464,2263
7962060,2144
7964564,1995
7967064,1917
7969652,2138
7972152,2152
7974656,2075
7977156,2021
7979660,2276
7982160,2190
7984656,2139
7987068,2177
7989660,2001
7992156,1935
7994656,2164
7997068,2281
7999664,2293
8002160,1746
8004664,2258
8007252,2178
8009660,1958
8012252,2174
8014660,1947
8017252,1959
8019756,2275
8022256,1862
8024760,2166
8027260,2214
8029764,1967
8032252,1960
8034752,2018
8037160,2335
8039752,1960
8042256,1969
8044756,2115
8047260,1885
8049760,1988
8052240,1938
8054752,1976
8057264,2214
8059756,2280
8062256,1987
8064756,1951
8067264,1960
8069852,2275
8072364,2139
8074856,2143
8077364,1908
8079952,1975
8082464,1934
8084956,2278
8087364,2137
8089864,1977
8092364,2129
8094956,1891
8097460,2252
8099960,1943
8102464,2211
8104956,2025
8107540,2039
8109960,2186
8112460,2000
8114960,2243
8117556,2357
8120060,2194
8122560,2272
8125052,2178
8127564,1997
8130056,2021
8132560,2071
8135152,1895
8137564,1983
8140160,2134
8142652,1883
8145152,1991
8147564,1989
8150160,1744
8152656,2217
8155068,1751
8157564,2172
8160156,2136
8162560,1899
8165064,1758
8167656,2243
8170160,1779
8172664,1989
8175156,1827
8177660,2043
8180156,2031
8182660,2346
8185252,1989
8187668,1871
8190252,1972
8192760,1990
8195268,1934
8197756,2345
8200264,2213
8202764,2250
8205264,1969
8207760,1989
8210260,2030
8212756,1863
8215164,2121
8217760,2082
8220260,1961
8222668,2052
8225164,1969
8227656,1994
8230156,1941
8232564,2150
8235160,1886
8237660,1802
8240252,1787
8242664,1935
8245164,1973
8247664,2062
8250164,1931
8252664,2151
8255240,2357
8257752,2254
8260256,2232
8262752,2238
8265256,1975
8267664,1960
8270164,2137
8272752,1991
8275252,2131
8277656,2256
8280164,2286
8282752,2042
8285160,1937
8287752,1981
8290164,1887
8292664,2346
8295152,1936
8297664,1967
8300156,1973
8302664,1830
8305156,1996
8307656,2204
8310168,2219
8312660,2158
8315160,1958
8317664,2131
8320160,2043
8322660,2143
8325168,1930
8327752,1968
8330160,1949
8332752,2201
8335160,2000
8337752,1932
8340260,1894
8342756,2240
8345164,2165
8347760,1937
8350252,1862
8352756,1991
8355264,2269
8357756,2151
8360340,2086
8362852,2148
8365352,2248
8367860,1950
8370356,1983
8372768,1999
8375360,1991
8377864,1941
8380356,1993
8382864,1894
8385452,1934
8387960,1926
8390452,1800
8392952,1963
8395460,1939
8397960,1920
8400368,1778
8402956,2135
8405368,1934
8407856,2004
8410364,2263
8412952,2311
8415452,1751
8417956,2263
8420456,1966
8422868,1937
8425452,1782
8427940,1913
8430360,2038
8432952,2027
8435456,2150
8437956,1926
8440364,1934
8442960,2154
8445460,2136
8447964,2270
8450552,2147
8452960,2146
8455552,1905
8458056,1952
8460556,1994
8462964,1893
8465560,2156
8468064,2175
8470560,2208
8473064,1987
8475656,2214
8478160,1991
8480656,1978
8483152,1954
8485660,1914
8488156,2023
8490568,2135
8493160,2197
8495664,2214
8498156,2022
8500752,2246
8503256,1776
8505756,2112
8508164,1747
8510664,1939
8513168,1897
8515664,2046
8518252,1945
8520660,1808
8523156,2115
8525656,1789
8528164,2276
8530752,1773
8533252,1997
8535660,2134
8538252,2185
8540660,1949
8543160,1942
8545752,1979
8548260,1905
8550756,1898
8553260,1898
8555852,1946
8558356,1952
8560856,1982
8563264,2223
8565860,1879
8568340,1980
8570852,1956
8573364,1938
8575856,2107
8578452,1884
8580864,1954
8583360,1983
8585864,1768
8588364,2146
8590952,1997
8593464,2273
8595956,1937
8598456,1992
8601052,2232
8603556,2313
8606056,2003
8608556,1994
8611064,2023
8613652,2137
8616152,1910
8618660,2273
8621160,2213
8623664,1958
8626156,1798
8628664,2147
8631252,2258
8633764,1955
8636256,2252
8638756,2147
8641260,1930
8643760,2318
8646240,2203
8648760,1987
8651252,2163
8653756,2001
8656256,1785
8658756,1890
8661264,2333
8663852,2209
8666352,1828
8668860,2183
8671356,2133
8673852,2136
8676260,1894
8678852,2016
8681360,1965
8683856,1979
8686356,1981
8688952,1929
8691360,2108
8693868,2261
8696360,2281
8698860,2222
8701364,1880
8703940,1985
8706464,1960
8708956,1941
8711456,2233
8713864,1889
8716460,1976
8718952,2048
8721364,1773
8723956,1890
8726460,1972
8728960,1991
8731460,1983
8734052,2275
8736464,2255
8739060,1879
8741564,1880
8744064,1930
8746564,1939
8749064,1989
8751564,2133
8754056,1933
8756652,1941
8759156,1751
8761656,1930
8764156,2035
8766752,2270
8769256,2051
8771764,1951
8774260,1938
8776768,1901
8779356,2249
8781864,2173
8784360,1955
8786860,2166
8789356,2150
8791860,2058
8794360,1928
8796856,1934
8799356,1993
8801860,1729
8804452,2253
8806864,1988
8809356,1973
8811852,2033
8814264,2197
8816764,1805
8819256,1865
8821764,1965
8824256,2020
8826760,1984
8829352,2007
8831860,2171
8834360,2151
8836864,1922
8839456,2140
8841940,1911
8844464,2138
8846956,2248
8849464,2142
8852052,1951
8854560,2309
8857064,2143
8859556,1950
8862152,2196
8864560,2070
8867152,1934
8869564,2122
8872160,1913
8874664,2132
8877160,2226
8879652,1932
8882064,1907
8884564,2002
8887056,1798
8889564,1883
8892152,1985
8894656,1916
8897160,1946
8899752,2306
8902164,1991
8904760,2011
8907264,2039
8909756,1888
8912340,1945
8914856,1906
8917356,1942
8919860,2139
8922360,2150
8924864,1945
8927364,1985
8929856,1854
8932264,2185
8934764,1989
8937352,2148
8939856,2271
8942264,2150
8944852,1979
8947356,1827
8949868,1787
8952360,2143
8954864,2220
8957364,1979
8959952,2213
8962452,1896
8964864,1997
8967360,1981
8969852,1943
8972264,1951
8974856,1893
8977360,1919
8979860,2307
8982364,1987
8984956,2127
8987460,2156
8989960,2274
8992456,1960
8994956,1961
8997364,2114
8999960,2270
9002464,1991
9004956,1800
9007552,1762
9009960,2214
9012460,2054
9014964,2324
9017464,1887
9020040,1951
9022560,2305
9025056,1805
9027464,1989
9029964,2207
9032468,2095
9034964,1881
9037552,2298
9040064,1974
9042556,2204
9045064,1775
9047556,2147
9050060,2286
9052652,2133
9055064,2128
9057656,1999
9060160,1958
9062660,2153
9065164,2141
9067660,1978
9070164,2145
9072760,1951
9075264,2080
9077756,2237
9080256,1975
9082756,2156
9085352,1986
9087764,2236
9090340,1745
9092856,1929
9095364,1952
9097860,2135
9100368,1985
9102956,2155
9105464,1985
9107960,1859
9110464,1746
9113056,2246
9115560,2149
9118064,2261
9120640,2216
9123140,2263
9125560,1981
9128152,1752
9130564,1787
9133156,1968
9135660,1972
9138156,2224
9140656,2136
9143156,1735
9145752,2184
9148160,1993
9150660,2138
9153156,1876
9155664,1945
9158252,1954
9160664,2315
9163260,1899
9165764,1736
9168264,2181
9170852,2147
9173352,1862
9175768,2184
9178264,1957
9180756,1822
9183264,2040
9185852,2176
9188264,1994
9190764,2202
9193352,2079
9195852,1872
9198360,2184
9200860,2059
9203360,2146
9205860,2164
9208356,2003
9210764,1997
9213268,1905
9215760,2142
9218264,1903
9220752,2148
9223164,1910
9225756,1935
9228260,1788
9230756,1944
9233260,1917
9235852,1935
9238356,1873
9240856,1998
9243360,2135
9245860,1940
9248352,1959
9250764,2226
9253260,1787
9255764,1991
9258260,1970
9260756,2261
9263256,2202
9265668,1932
9268260,2225
9270752,2248
9273256,1908
9275756,1922
9278260,1891
9280852,1950
9283260,1935
9285852,1824
9288264,2139
9290856,1977
9293264,1990
9295852,2007
9298364,1935
9300856,1918
9303364,1940
9305952,2279
9308452,2153
9310960,1946
9313460,1983
9315964,1791
9318460,2007
9320964,2162
9323464,2134
9325964,2270
9328456,1973
9330956,1800
9333460,1990
9335960,1950
9338452,1897
9340864,2063
9343364,1883
9345952,1948
9348452,2241
9350864,1952
9353360,1935
9355856,2143
9358264,1891
9360768,1926
9363352,2000
9365856,2142
9368264,1979
9370840,2035
9373260,2112
9375852,2146
9378356,2182
9380860,2241
9383360,2097
9385864,2045
9388456,2230
9390960,1903
9393464,2028
9396040,1894
9398468,1819
9401056,2082
9403564,1974
9406060,2013
9408652,1926
9411156,1989
9413568,2255
9416160,1965
9418664,1971
9421168,2265
9423656,1718
9426252,2277
9428756,1961
9431256,2006
9433668,1893
9436260,2075
9438756,2333
9441240,1987
9443760,1918
9446252,1874
9448756,2186
9451260,1930
9453760,1912
9456252,1938
9458664,2141
9461164,1992
9463752,1763
9466260,1861
9468756,1999
9471256,1968
9473760,2311
9476260,1985
9478752,1951
9481164,1975
9483664,1977
9486252,2140
9488764,1763
9491256,2030
9493852,1975
9496264,2005
9498856,1927
9501360,1952
9503860,1941
9506356,2145
9508856,2214
9511452,2145
9513956,2115
9516460,2047
9518960,2351
9521556,1971
9524064,1729
9526564,2018
9529056,2158
9531556,1914
9534060,2149
9536560,1984
9539064,2164
9541660,2090
9544164,2270
9546656,1941
9549240,1787
9551660,2172
9554160,2204
9556656,2268
9559152,1925
9561564,2331
9564060,1991
9566656,1982
9569160,1934
9571660,1972
9574164,1746
9576664,2048
9579252,1919
9581752,1749
9584260,1899
9586852,2226
9589340,2149
9591864,1989
9594356,1999
9596864,2261
9599456,2159
9601964,1904
9604464,1979
9607052,2056
9609552,2170
9612060,2194
9614556,1963
9617060,1971
9619560,2326
9622052,2105
9624464,2275
9626964,2283
9629464,1973
9631964,2112
9634456,2225
9636956,1993
9639460,2140
9641964,1879
9644452,2266
9646864,1880
9649364,1943
9651868,1947
9654460,2082
9656956,2350
9659364,2134
9661868,1893
9664360,1922
9666860,1938
9669360,2171
9671952,1964
9674460,1897
9676960,2147
9679368,1959
9681960,2175
9684464,1757
9686956,2081
9689552,1796
9692060,2029
9694560,2170
9697060,1975
9699656,2136
9702140,1946
9704664,1892
9707160,1968
9709752,2277
9712160,2200
9714664,2148
9717164,2221
9719756,1954
9722256,1953
9724760,2256
9727260,2049
9729756,1741
9732264,2268
9734852,1967
9737364,2013
9739856,1891
9742368,1957
9744860,1956
9747364,1910
9749960,2116
9752452,1942
9754952,1975
9757456,1985
9759956,2064
9762452,2171
9764864,2352
9767456,2359
9769960,2209
9772460,1970
9774956,1974
9777456,2018
9779960,1978
9782460,2152
9784952,2133
9787364,2228
9789868,2053
9792356,2124
9794952,2261
9797456,1969
9799956,1997
9802460,1945
9804964,2266
9807456,1895
9809964,1997
9812460,1994
9814964,2026
9817560,1911
9820052,2244
9822556,1953
9825060,2142
9827564,2006
9830056,2130
9832568,2148
9835056,2191
9837560,2266
9840056,2155
9842556,1948
9845064,1931
9847652,1903
9850152,2229
9852564,1849
9855160,2147
9857664,1916
9860164,1984
9862664,1980
9865156,1990
9867664,2037
9870252,2144
9872764,1951
9875256,1968
9877756,2033
9880168,1777
9882760,2142
9885252,1977
9887664,1942
9890256,1986
9892664,2013
9895164,2153
9897752,1893
9900252,2349
9902664,1945
9905260,1912
9907756,2347
9910256,2156
9912756,2121
9915260,1983
9917852,2001
9920360,2355
9922856,1904
9925360,1936
9927952,1896
9930360,2375
9932956,2332
9935364,1843
9937960,2012
9940460,2273
9942956,2124
9945456,1992
9947960,1968
9950460,2248
9952964,2035
9955464,1954
9958040,2257
9960564,1968
9963056,2144
9965556,1874
9968056,2240
9970556,1956
9973152,1928
9975564,2237
9978064,1898
9980656,1952
9983156,1982
9985660,2046
9988252,1770
9990664,1912
9993260,2046
9995764,1977
9998256,1795
10000852,2144
10003468,1795
10006252,2204
10008952,2140
10011668,1973
10014364,1940
10017064,1933
10019768,2273
10022552,1953
10025252,2158
10027960,2342
10030660,2140
10033364,2039
10036152,2071
10038852,2368
10041556,1889
10044260,1919
10046952,1757
10049656,2001
10052360,1850
10055052,2307
10057768,2001
10060460,1955
10063256,1891
10066052,1747
10068664,2054
10071460,1982
10074164,1881
10076940,1751
10079664,1971
10082368,2038
10085152,2152
10087856,1958
10090464,2231
10093240,2166
10095960,2023
10098660,2185
10101452,2131
10104156,1989
10106860,1981
10109564,1985
10112360,2253
10115052,1869
10117756,1964
10120456,1944
10123164,1973
10125864,2352
10128660,1953
10131356,1989
10134056,1819
10136760,1787
10139456,1984
10142160,1917
10144860,2156
10147556,1944
10150340,2255
10153064,2360
10155764,1952
10158560,1997
10161260,2272
10163860,2184
10166656,2220
10169452,1938
10172064,1912
10174756,2002
10177464,2335
10180256,2132
10182960,1797
10185656,2003
10188368,1961
10191164,1998
10193860,1733
10196656,2023
10199356,2185
10202064,1938
10204860,2269
10207560,2355
10210260,1879
10212940,1965
10215652,1982
10218264,2064
10221060,1985
10223752,1913
10226460,1960
10229156,1874
10231856,1768
10234556,1915
10237260,1910
10239964,2066
10242752,2264
10245464,1865
10248156,2145
10250864,1766
10253656,1947
10256360,1783
10259060,1789
10261760,1990
10264452,1927
10267164,2284
10269852,2032
10272560,1928
10275260,1845
10278052,2128
10280756,2079
10283456,2244
10286168,2067
10288952,2155
10291652,1955
10294364,1884
10297060,1995
10299756,1845
10302464,2159
10305256,1886
10307956,1980
10310752,1981
10313352,1947
10316056,1993
10318752,2163
10321464,2144
10324168,1928
10326952,1972
10329664,1977
10332364,1925
10335152,2056
10337864,1985
10340652,2080
10343356,1953
10346056,2008
10348756,2041
10351440,2151
10354164,2071
10356864,1934
10359652,2168
10362364,2207
10365056,2352
10367740,1749
10370464,1991
10373164,2142
10375952,1881
10378652,1944
10381364,2105
10384060,1822
10386760,1984
10389464,1900
10392168,1997
10394960,1889
10397656,2140
10400364,2245
10403156,1937
10405864,1801
10408564,2057
10411264,2002
10413964,1937
10416760,2141
10419464,2012
10422156,1952
10424940,1976
10427640,1943
10430260,2312
10433056,1776
10435756,2351
10438460,2045
10441164,1937
10443864,2154
10446652,1902
10449364,1890
10452064,2069
10454760,2182
10457552,2076
10460268,2221
10462964,1913
10465756,1972
10468460,2200
10471152,2136
10473856,2111
10476564,2175
10479352,1756
10481960,2215
10484664,1876
10487364,1785
10490064,1928
10492764,2050
10495560,1953
10498260,2161
10500956,2019
10503656,2020
10506356,1930
10509060,2223
10511760,1824
10514552,1953
10517164,1987
10519956,2179
10522752,1905
10525356,2224
10528056,1948
10530756,1897
10533468,2131
10536260,1818
10538964,1960
10541664,1854
10544364,2199
10547068,1985
10549864,2147
10552564,1980
10555352,2297
10558064,2005
10560768,1794
10563552,1870
10566264,2042
10568952,2265
10571656,2033
10574356,2269
10577056,1900
10579764,1993
10582464,2232
10585256,1912
10587964,1922
10590664,2348
10593460,1722
10596164,2266
10598852,1916
10601564,1872
10604260,2259
10606960,1903
10609752,1841
10612456,1892
10615160,2139
10617852,2258
10620552,1943
10623256,2029
10625940,2239
10628660,2218
10631364,2136
10634140,1910
10636852,2008
10639560,2135
10642256,2153
10645040,2276
10647752,2227
10650456,2151
10653156,1994
10655864,2025
10658652,2264
10661360,1964
10664060,1972
10666752,1939
10669452,2233
10672164,1943
10674856,2003
10677556,1953
10680260,2235
10683052,2263
10685752,1989
10688364,2259
10691156,2215
10693856,1767
10696540,2092
10699240,1884
10701960,1898
10704656,1978
10707364,1990
10710156,1926
10712852,2200
10715552,1806
10718264,2326
10720960,1897
10723660,1899
10726364,2211
10729160,1881
10731860,2131
10734564,2092
10737360,1880
10740060,1893
10742764,1967
10745556,2059
10748260,1986
10750956,2362
10753660,1914
10756452,2140
10759064,2149
10761856,2216
10764560,1917
10767264,2248
10769964,1926
10772756,2000
10775440,2149
10778164,1968
10780864,2063
10783564,1854
10786360,1929
10789064,2011
10791756,1886
10794552,1990
10797264,2267
10799960,1961
10802752,2198
10805456,2004
10808160,1990
10810860,1869
10813560,2026
10816256,1958
10818952,2252
10821664,1898
10824360,2000
10827056,1787
10829760,2080
10832552,1901
10835252,1975
10837960,1795
10840660,2214
10843360,2144
10846056,2100
10848756,1836
10851540,1812
10854256,1942
10856956,2194
10859752,1922
10862456,2072
10865156,1924
10867940,1962
10870560,2233
10873352,1978
10876068,1861
10878764,2146
10881556,2130
10884256,2276
10886952,2311
10889664,2066
10892364,1958
10895068,2038
10897860,2257
10900564,1877
10903264,1778
10906060,2351
10908760,2151
10911452,1726
10914156,2009
10916860,2178
10919560,2176
10922260,1947
10924956,2359
10927668,2149
10930460,2107
10933156,2158
10935864,1966
10938660,1983
10941356,2235
10944056,2281
10946756,2228
10949452,2120
10952152,1914
10954864,2026
10957560,2306
10960352,2004
10963064,1812
10965760,1745
10968552,1873
10971264,2153
10973960,2004
10976756,2230
10979456,2156
10982164,2235
10984864,1903
10987660,1994
10990352,1969
10993056,2070
10995840,2214
10998464,1956
11001260,1984
11003960,2335
11006656,1896
11009360,1952
11012064,2238
11014856,1905
11017560,2148
11020252,2130
11022956,1979
11025656,1935
11028352,1928
11031064,1837
11033768,2160
11036460,2165
11039152,1944
11041868,1748
11044564,2340
11047356,1828
11050060,1813
11052752,1909
11055456,2055
11058164,2189
11060960,1920
11063660,1868
11066364,1947
11069156,2136
11071860,1983
11074556,1977
11077340,2159
11080064,2146
11082664,1986
11085364,1952
11088156,1967
11090768,1940
11093560,1749
11096264,1875
11098960,2341
11101660,1976
11104360,1854
11107056,1999
11109768,1904
11112564,1984
11115164,1899
11117960,2024
11120664,2358
11123356,2246
11126056,1935
11128764,1982
11131560,2332
11134240,2104
11136956,1995
11139660,1957
11142360,1999
11144964,1943
11147756,2205
11150456,2007
11153152,2349
11155852,2056
11158568,1739
11161264,1924
11163956,1899
11166660,2132
11169352,1939
11172056,1935
11174760,1955
11177464,2136
11180256,2154
11182964,1975
11185664,2020
11188460,1970
11191156,2072
11193856,1987
11196652,1989
11199360,1748
11202064,2190
11204856,1743
11207560,1910
11210264,2036
11213056,1979
11215764,1974
11218464,2214
11221256,2047
11223952,1772
11226664,1901
11229440,1789
11232152,1966
11234856,2246
11237556,1971
11240264,1934
11242964,2268
11245756,1958
11248464,2279
11251156,1885
11253860,1934
11256564,1758
11259268,1936
11262060,2009
11264756,2148
11267468,2131
11270260,1868
11272964,1943
11275664,2234
11278456,2149
11281164,1968
11283852,1964
11286564,1833
11289260,1967
11291960,2093
11294652,2266
11297356,2126
11300056,1930
11302760,2149
11305464,1943
11308256,2005
11310960,2129
11313664,2140
11316364,1990
11319152,2264
11321852,1956
11324564,2320
11327164,1725
11329940,2149
11332660,1955
11335356,1931
11338056,1973
11340760,1904
11343556,2281
11346260,1879
11348956,1924
11351664,2220
11354460,1933
11357156,2030
11359864,2256
11362660,2031
11365356,1998
11368152,1984
11370864,2194
11373560,2169
11376260,2000
11378960,1944
11381656,2322
11384452,2141
11387152,2227
11389860,2226
11392564,1938
11395356,1763
11397964,2199
11400668,2266
11403460,2176
11406156,1951
11408952,2266
11411664,1941
11414360,2137
11417152,2232
11419856,1988
11422564,2171
11425264,2058
11428060,1795
11430752,1989
11433456,2364
11436240,2358
11438956,1781
11441660,1994
11444360,2224
11447056,1959
11449764,2265
11452560,1906
11455256,2257
11458040,2145
11460764,1922
11463460,2227
11466256,1982
11468956,1887
11471664,1929
11474364,2172
11477064,2078
11479852,1898
11482556,1950
11485168,1964
11487960,1898
11490664,1915
11493360,1943
11496152,2031
11498864,1750
11501560,2042
11504356,2270
11506964,1950
11509740,1990
11512464,1957
11515156,1968
11517864,2192
11520564,2058
11523356,1894
11526064,1850
11528752,2142
11531452,1752
11534160,2148
11536860,1859
11539560,2083
11542252,1986
11544952,1961
11547664,1950
11550360,2209
11553064,1960
11555764,2033
11558560,1961
11561164,1947
11563952,1938
11566652,1902
11569356,2179
11572060,2005
11574760,1897
11577556,1937
11580260,2142
11582964,2170
11585760,2132
11588464,2156
11591164,2126
11593960,1974
11596560,1954
11599260,2274
11602052,2145
11604760,1941
11607460,2029
11610256,2118
11612864,2067
11615564,2142
11618360,1961
11621056,1993
11623756,2137
11626460,1909
11629256,1979
11631956,2071
11634652,1986
11637356,2028
11640056,2329
11642764,1957
11645456,1870
11648156,2246
11650840,1884
11653564,2359
11656264,2138
11658864,2040
11661660,1903
11664356,1964
11667056,1800
11669852,2336
11672464,1974
11675260,1911
11677964,2301
11680752,1882
11683452,1802
11686152,1888
11688860,1877
11691560,2041
11694356,2167
11697060,2025
11699764,2134
11702556,1898
11705264,2134
11707964,1923
11710664,1983
11713452,2184
11716156,1897
11718856,1838
11721564,1919
11724264,1928
11727060,2227
11729756,1891
11732364,1964
11735156,1969
11737864,2141
11740556,1896
11743256,1977
11745964,2165
11748656,1906
11751360,1891
11754156,2140
11756860,2214
11759564,1967
11762264,1887
11764964,1998
11767752,2044
11770456,2137
11773160,1790
11775856,1811
11778652,1862
11781352,1878
11784056,1786
11786756,2280
11789460,2193
11792156,2241
11794856,2213
11797652,1932
11800356,1957
11803056,1883
11805852,1887
11808556,1938
11811256,1962
11813968,2210
11816660,2148
11819360,1986
11822064,1978
11824860,1907
11827560,1979
11830256,1908
11833040,2025
11835752,1918
11838364,1779
11841160,1942
11843860,1899
11846552,1981
11849256,1940
11851956,1970
11854664,1789
11857364,1890
11860160,1950
11862852,2011
11865556,2280
11868256,2251
11870952,2254
11873652,2049
11876364,2311
11879064,2261
11881856,1989
11884568,2211
11887264,2000
11890056,1987
11892852,1877
11895452,1996
11898156,2281
11900840,2274
11903552,1998
11906256,1986
11908960,2212
11911664,1895
11914456,1994
11917164,1949
11919856,1991
11922556,1841
11925264,2214
11927956,2133
11930752,1965
11933352,2326
11936056,2020
11938760,2136
11941552,2207
11944256,1993
11946864,1978
11949664,2185
11952352,1811
11954968,2007
11957764,2147
11960464,2039
11963252,1984
11965952,1961
11968664,2024
11971360,1887
11974060,1884
11976852,1986
11979560,1889
11982264,1808
11984968,1944
11987752,1953
11990456,1939
11993252,2149
11995864,1963
11998568,2139
12001360,1886
12004056,2208
12006756,1767
12009460,1890
12012252,1830
12014964,2045
12017660,1882
12020360,2132
12023156,2035
12025852,1938
12028564,1747
12031256,2149
12033964,2263
12036664,1865
12039460,1939
12042156,2290
12044856,1942
12047652,2143
12050356,2150
12053060,1913
12055764,2062
12058552,2250
12061264,2229
12064052,2007
12066664,2149
12069456,2252
12072160,1934
12074852,1976
12077556,2158
12080352,2049
12083060,1972
12085764,2245
12088556,2246
12091168,2126
12093960,2334
12096664,2270
12099360,2295
12102152,1988
12104868,2182
12107564,2275
12110360,2163
12113060,1859
12115760,2030
12118552,1963
12121264,1936
12123964,1965
12126664,1972
12129460,1975
12132156,1980
12134868,1981
12137660,1984
12140356,2158
12143056,2022
12145852,1942
12148560,1944
12151260,2236
12154056,1880
12156764,1789
12159468,1968
12162252,2194
12164864,2089
12167656,1976
12170360,1923
12173056,1997
12175756,2173
12178468,2040
12181160,1992
12183860,1972
12186564,2083
12189264,1980
12191964,2149
12194752,2009
12197452,2279
12200156,1832
12202864,1968
12205564,1935
12208360,1978
12211052,2297
12213756,1940
12216456,1895
12219152,2350
12221856,1991
12224652,2239
12227356,2167
12229964,2174
12232756,1786
12235452,2005
12238156,2000
12240860,2215
12243652,1993
12246356,1748
12249060,1899
12251856,1901
12254560,2289
12257264,1962
12260060,1997
12262764,1919
12265460,1921
12268256,1887
12270956,1908
12273652,1952
12276260,2272
12279056,1942
12281764,1813
12284464,2065
12287252,1985
12289864,2171
12292660,1998
12295360,1993
12298052,2193
12300752,1981
12303468,1899
12306164,1984
12308956,2077
12311656,2201
12314364,2141
12317056,1994
12319840,2244
12322464,2285
12325156,1969
12327860,2159
12330564,1947
12333264,1763
12335964,1942
12338740,2260
12341464,1935
12344156,2090
12346860,2269
12349560,1972
12352256,2154
12354956,1972
12357568,2178
12360364,1873
12363064,2034
12365760,2257
12368552,1980
12371256,2001
12373956,2234
12376752,1871
12379456,1980
12382140,1858
12384864,2328
12387652,2269
12390264,1807
12393060,1895
12395760,1897
12398456,2215
12401168,2341
12403940,1939
12406656,2004
12409356,2269
12412152,1957
12414764,2002
12417560,1953
12420260,2263
12422956,2029
12425664,1978
12428460,1914
12431156,1906
12433940,2265
12436568,2071
12439356,2149
12442056,1985
12444852,2041
12447464,2230
12450256,1903
12452960,1985
12455656,2001
12458364,1994
12461160,1993
12463852,2028
12466556,2269
12469268,2008
12472052,2053
12474756,2002
12477468,1946
12480252,2052
12482964,1975
12485564,1922
12488360,2093
12491060,1777
12493756,1985
12496464,2250
12499260,2344
12501964,1741
12504664,2002
12507364,1959
12510152,1937
12512864,2151
12515652,1886
12518356,1892
12521060,1894
12523760,1994
12526456,2322
12529252,1923
12531952,2145
12534660,1964
12537360,1958
12540152,2282
12542840,2216
12545564,2328
12548268,2010
12551052,1939
12553764,1939
12556552,2229
12559164,1743
12561960,1985
12564660,1868
12567356,2221
12570064,1887
12572860,1892
12575460,2147
12578256,1998
12581040,2283
12583652,1758
12586356,2257
12589152,1979
12591764,1887
12594560,1944
12597264,1936
12599960,1898
12602660,2100
12605356,2161
12608152,1990
12610852,2270
12613560,2076
12616252,1947
12618956,2014
12621660,1888
12624364,1987
12627156,1864
12629864,2264
12632568,1893
12635352,2204
12637964,1985
12640760,1955
12643464,2240
12646240,2239
12648964,1925
12651664,2253
12654452,1961
12657156,1993
12659868,1989
12662656,1953
12665356,1734
12668152,2136
12670860,2150
12673564,1990
12676360,2271
12679056,1827
12681764,1766
12684560,2146
12687256,2157
12690052,2336
12692752,2271
12695460,2222
12698156,1874
12700856,1944
12703564,1993
12706264,2288
12709060,1971
12711660,2159
12714456,1961
12717156,1953
12719856,1962
12722556,2144
12725260,2082
12727956,1946
12730656,1878
12733352,1967
12736056,2272
12738760,1811
12741452,1967
12744156,2280
12746940,1938
12749656,1980
12752360,1999
12755060,2161
12757760,2014
12760552,2246
12763268,2004
12765964,1990
12768752,1975
12771464,2273
12774164,2202
12776868,1925
12779664,2128
12782360,1956
12785152,1985
12787856,2179
12790564,2243
12793264,2028
12796040,2245
12798756,1828
12801460,2237
12804160,1952
12806852,2317
12809564,1936
12812256,2143
12814956,2179
12817752,2254
12820364,2142
12823156,2048
12825856,2001
12828560,2139
12831264,1893
12834056,1989
12836760,2072
12839460,1734
12842252,2179
12844960,2188
12847660,1989
12850360,1881
12853056,1817
12855764,2258
12858556,1949
12861252,1975
12863956,1930
12866656,2037
12869360,1972
12872064,1979
12874856,1966
12877560,2220
12880260,1770
12883052,2149
12885664,2231
12888456,1986
12891156,2069
12893864,2103
12896556,1976
12899260,1887
12902052,1971
12904752,2169
12907460,2032
12910160,1982
12912860,2000
12915564,1948
12918264,1965
12921060,2150
12923752,1902
12926456,1949
12929168,2079
12931952,1844
12934656,1910
12937356,2295
12940064,2200
12942764,1896
12945560,2227
12948256,2278
12950860,1998
12953564,2182
12956364,1893
12959064,1896
12961760,2181
12964552,1889
12967264,1975
12969960,1969
12972752,1965
12975464,1960
12978160,1775
12980860,2152
12983656,1888
12986340,2272
12989052,1950
12991752,2078
12994460,1915
12997164,1731
12999956,1870
13002652,1985
13005356,1881
13008068,2177
13010852,2275
13013556,2171
13016352,1990
13019060,1946
13021760,2276
13024460,2197
13027164,1974
13029960,2154
13032668,1991
13035456,2049
13038156,1900
13040860,1966
13043564,1748
13046356,1922
13049060,2136
13051756,2204
13054552,1924
13057256,2006
13059960,1973
13062664,2181
13065456,1898
13068152,2008
13070856,1973
13073556,1962
13076264,1895
13078964,2270
13081760,1929
13084456,2233
13087168,2013
13089868,1977
13092560,2180
13095356,1758
13098056,2245
13100764,1918
13103460,1937
13106164,2138
13108952,2016
13111660,1946
13114356,1723
13117056,2335
13119756,1961
13122460,2033
13125164,2004
13127860,2047
13130556,2149
13133256,1970
13135964,2330
13138660,2237
13141360,1940
13144064,1943
13146856,2112
13149460,1984
13152152,2135
13154852,1963
13157564,2148
13160260,2374
13163052,2144
13165764,1932
13168456,1824
13171168,1983
13173960,1943
13176656,1990
13179356,1913
13182056,2098
13184764,2160
13187452,2255
13190164,1994
13192860,1986
13195556,2043
13198260,1893
13201052,2276
13203764,2011
13206456,2119
13209168,2045
13211960,2025
13214664,2146
13217364,2272
13220156,1874
13222860,1974
13225564,1893
13228356,2175
13231064,1940
13233764,1759
13236468,2265
13239252,1789
13241956,1891
13244656,1927
13247360,2077
13250060,2174
13252856,1958
13255560,1856
13258260,1894
13261052,2278
13263664,2325
13266460,2214
13269160,1945
13271856,2183
13274568,1874
13277360,2234
13280052,1971
13282764,2241
13285464,2209
13288252,2001
13290964,2098
13293664,2262
13296368,1865
13299064,2095
13301860,1996
13304552,2359
13307256,1785
13310040,1880
13312656,1991
13315352,2335
13317964,2272
13320756,2170
13323456,1999
13326068,2333
13328860,1920
13331560,1966
13334256,1947
13336956,1887
13339664,2274
13342452,1967
13345164,2249
13347864,1988
13350568,2136
13353360,1888
13356060,2256
13358764,2135
13361560,2002
13364260,1963
13366964,1963
13369652,1983
13372356,1766
13375060,2060
13377856,1920
13380560,1996
13383260,2134
13385960,1822
13388656,1980
13391364,2158
13394160,2194
13396864,2224
13399564,2165
13402360,2013
13405056,2200
13407756,2139
13410540,1949
13413160,2338
13415956,1959
13418656,2256
13421364,1993
13424064,2348
13426856,1944
13429552,1995
13432256,1983
13434968,1963
13437752,2186
13440452,2250
13443164,2245
13445856,1779
13448556,2339
13451260,1883
13453960,2175
13456660,2184
13459356,2140
13462056,2051
13464768,1888
13467552,1893
13470252,1885
13472964,1816
13475660,2317
13478452,2249
13481164,1764
13483860,1868
13486652,1946
13489340,2259
13492056,1951
13494756,1885
13497452,1962
13500160,1987
13502860,1959
13505560,1870
13508256,2249
13510956,1951
13513660,2200
13516352,1987
13519056,2149
13521668,2205
13524460,1808
13527164,1870
13529856,2138
13532564,2139
13535360,1907
13538052,1993
13540660,1986
13543352,1797
13546056,1863
13548756,1984
13551464,2149
13554156,1783
13556856,1880
13559564,2148
13562264,2141
13565056,2218
13567752,2292
13570364,1963
13573064,1784
13575860,1960
13578468,1942
13581252,2199
13583964,2061
13586752,2167
13589460,2315
13592160,1954
13594860,1966
13597556,1989
13600260,2005
13603040,1975
13605752,2142
13608456,2002
13611164,2050
13613860,2242
13616656,2317
13619356,2312
13622040,1788
13624740,2166
13627460,2184
13630156,1965
13632856,2058
13635464,1992
13638256,2262
13640960,1790
13643664,2033
13646356,2340
13649056,1901
13651764,2161
13654452,1950
13657164,2272
13659860,1968
13662560,2155
13665264,1818
13667968,1943
13670760,2142
13673452,2140
13676156,1964
13678952,2257
13681660,2223
13684360,2153
13687060,2253
13689756,1933
13692464,1941
13695260,1921
13697956,2265
13700656,1956
13703440,2012
13706060,1963
13708852,1914
13711556,2165
13714260,2151
13716952,2239
13719656,1969
13722364,1989
13725064,2052
13727860,1860
13730552,2168
13733256,1934
13735964,1943
13738752,2142
13741360,2172
13744064,1909
13746860,1804
13749564,1743
13752260,1967
13755052,2304
13757756,1949
13760464,1870
13763256,1918
13765956,2205
13768568,1998
13771360,1985
13774064,1969
13776852,2064
13779560,1883
13782264,1943
13785052,1857
13787764,2054
13790456,1825
13793064,2261
13795860,2261
13798560,1998
13801264,2039
13804060,2001
13806760,2023
13809456,1853
13812164,2191
13814960,2112
13817652,1973
13820356,1954
13823064,2093
13825764,1955
13828464,1906
13831160,1913
13833952,2307
13836652,1987
13839368,1958
13842052,2352
13844752,2044
13847456,1951
13850156,1943
13852868,1951
13855652,1978
13858352,1984
13861064,1911
13863764,2025
13866556,1901
13869260,1913
13871956,1977
13874656,2187
13877356,2016
13880064,2035
13882764,2009
13885560,1922
13888252,2263
13890952,2254
13893564,1922
13896360,1930
13899064,1983
13901760,2147
13904552,2058
13907252,2053
13909960,1974
13912664,1982
13915364,1997
13918140,1968
13920864,1880
13923556,1906
13926264,1948
13928964,1873
13931756,1755
13934452,2140
13937164,1982
13939864,1941
13942652,1930
13945352,2134
13948052,1948
13950756,2273
13953460,1962
13956252,2140
13958956,2290
13961660,1993
13964456,1968
13967068,1962
13969840,1965
13972560,1727
13975256,1986
13977956,1967
13980660,2155
13983452,2017
13986156,2146
13988860,2143
13991652,1996
13994260,2275
13996964,1950
13999760,1787
14002464,1981
14005168,1892
14007960,1992
14010652,2003
14013360,2035
14016064,1951
14018852,1790
14021560,1971
14024264,1939
14027056,1957
14029752,1907
14032464,1959
14035252,1956
14037956,1934
14040656,1980
14043356,2173
14046052,2270
14048756,2217
14051540,2143
14054256,1971
14056960,1985
14059752,2235
14062460,1923
14065164,1925
14067956,2327
14070664,1976
14073364,2269
14076140,1894
14078856,2135
14081552,1879
14084264,1958
14086956,2116
14089740,2141
14092368,2229
14095152,2110
14097856,2150
14100564,1923
14103352,1896
14106052,2216
14108664,2097
14111456,1879
14114160,1957
14116864,2037
14119552,1954
14122256,2101
14124960,2001
14127664,1940
14130368,2151
14133156,1943
14135856,1938
14138564,2174
14141260,1940
14144056,2196
14146756,2164
14149440,1766
14152160,2267
14154864,1984
14157640,2197
14160364,1942
14163064,1994
14165852,1883
14168564,2222
14171264,1893
14173964,2187
14176756,1998
14179460,1926
14182156,2223
14184860,2224
14187652,1987
14190256,1956
14192956,1985
14195660,1955
14198360,2258
14201156,1956
14203852,2070
14206552,2161
14209256,1892
14211964,2068
14214656,1921
14217356,2008
14219968,2239
14222764,2121
14225468,2000
14228252,1942
14230956,2254
14233656,2227
14236352,1990
14239052,2007
14241760,2349
14244464,1959
14247160,2328
14249864,1995
14252660,2370
14255452,2180
14258156,1763
14260856,2037
14263652,1944
14266268,1986
14269060,1906
14271764,1867
14274460,2189
14277256,2243
14279956,2235
14282656,2180
14285356,1910
14288156,1925
14290860,1982
14293564,1879
14296356,2039
14299060,1920
14301752,1971
14304456,1807
14307164,2254
14309864,2318
14312660,1910
14315360,2266
14318156,1934
14320856,1960
14323552,1995
14326256,1947
14329040,2277
14331756,2328
14334460,1960
14337256,2078
14339964,2256
14342652,2159
14345352,1932
14348060,2149
14350760,2018
14353552,1972
14356168,2154
14358940,1978
14361660,1927
14364356,1943
14367056,1895
14369760,2008
14372552,1996
14375256,2272
14377960,2031
14380756,2246
14383456,2004
14386164,2210
14388960,2106
14391564,1915
14394260,2156
14397056,1995
14399760,2171
14402456,1794
14405164,1992
14407960,1786
14410652,1899
14413260,1944
14415960,1952
14418656,2012
14421356,1956
14424060,2160
14426760,2044
14429556,2174
14432264,2157
14434960,1987
14437660,1888
14440356,1900
14443064,1875
14445860,1956
14448564,1996
14451264,2149
14453964,2147
14456668,1945
14459364,1998
14462160,2222
14464852,1984
14467552,2326
14470264,2263
14472960,2097
14475752,2259
14478464,1912
14481160,1915
14483952,1884
14486664,2187
14489360,1816
14492052,1910
14494664,1879
14497368,1989
14500160,2345
14502856,1972
14505556,1885
14508256,1956
14510868,2198
14513664,2015
14516364,2175
14519060,2278
14521764,2170
14524556,1906
14527264,1933
14529964,2353
14532760,2074
14535456,2199
14538168,1803
14540868,2111
14543652,1763
14546364,2158
14549064,2139
14551852,1949
14554556,2145
14557352,2141
14559964,2284
14562760,2149
14565464,1915
14568240,2198
14570964,1894
14573664,1980
14576452,1993
14579152,2012
14581856,1992
14584564,1868
14587256,1978
14589968,2138
14592652,1990
14595352,2282
14598060,2209
14600760,2076
14603460,2155
14606156,1792
14608860,2146
14611652,2142
14614360,1930
14617060,2323
14619856,2272
14622564,2137
14625264,1966
14628060,2258
14630764,1967
14633464,2074
14636260,2276
14638956,1934
14641668,1940
14644460,2263
14647156,2264
14649940,1953
14652640,2268
14655356,2083
14658060,2074
14660760,2009
14663456,2157
14666252,2149
14668964,1979
14671656,2202
14674452,1970
14677164,1926
14679860,2190
14682560,1902
14685352,2351
14688060,1947
14690764,1919
14693560,1770
14696256,1891
14698964,2031
14701760,1990
14704456,1832
14707252,1956
14709964,2022
14712660,1815
14715456,1892
14718160,2358
14720856,1932
14723564,2141
14726360,2262
14729056,1943
14731764,2135
14734560,1881
14737256,1987
14740040,1977
14742752,2238
14745460,2071
14748164,1988
14750956,2109
14753660,1805
14756364,2155
14759156,2282
14761860,2244
14764564,1959
14767268,1911
14769960,1744
14772752,2239
14775468,2222
14778164,1929
14780956,1957
14783660,1970
14786356,1974
14789064,1883
14791860,1959
14794556,1933
14797256,1953
14799868,1941
14802660,2046
14805364,1990
14808060,1915
14810852,1999
14813552,2366
14816268,1887
14818964,1949
14821756,1837
14824552,2177
14827164,1957
14829960,2279
14832664,2271
14835452,2154
14838164,1935
14840864,2153
14843560,2140
14846356,2149
14849060,2292
14851752,1954
14854456,2056
14857160,2005
14859860,1977
14862564,1987
14865264,2136
14868060,2141
14870752,1989
14873460,1999
14876140,2022
14878864,1939
14881556,1976
14884352,1938
14887064,2327
14889756,2182
14892552,1973
14895252,1971
14897956,1976
14900660,1947
14903360,1920
14906056,2145
14908756,1939
14911464,2229
14914164,2202
14916960,2140
14919652,2140
14922356,1941
14925152,2111
14927764,2144
14930560,1957
14933260,1947
14935956,1961
14938668,1937
14941460,2007
14944156,1946
14946940,2148
14949652,2250
14952360,1763
14955060,2234
14957760,2090
14960464,2145
14963260,1807
14965964,1893
14968656,1990
14971360,1973
14974060,1728
14976664,1964
14979456,1776
14982252,1992
14984864,1963
14987660,2179
14990364,1962
14993152,2030
14995852,1995
14998564,1950
15001264,1938
15004060,1873
15006760,2354
15009456,1980
15012156,2141
15014852,2000
15017552,1989
15020256,2043
15022964,1976
15025664,2242
15028460,1951
15031160,1801
15033952,2056
15036656,1970
15039364,1941
15042064,2061
15044860,2048
15047556,1983
15050352,2005
15053052,1793
15055760,2311
15058464,1791
15061256,2175
15063964,1891
15066740,1941
15069452,2384
15072160,2143
15074840,2155
15077564,1943
15080260,2033
15083052,1915
15085752,2146
15088460,2349
15091156,1987
15093860,2138
15096552,1990
15099256,2252
15102052,1989
15104668,2250
15107460,1989
15110164,2145
15112952,1909
15115656,2152
15118368,1973
15121052,2337
15123756,1974
15126460,2157
15129256,1941
15131960,1966
15134656,1943
15137356,2058
15140060,2131
15142752,2187
15145456,2131
15148160,2003
15150856,2177
15153560,2349
15156260,1960
15158956,2157
15161660,2276
15164352,2206
15167064,2088
15169852,1882
15172464,1886
15175260,1889
15177968,1981
15180756,1906
15183460,1959
15186164,2134
15188860,2258
15191652,2207
15194356,1963
15197064,2023
15199764,1966
15202552,1987
15205256,1901
15207960,2067
15210660,2110
15213356,1981
15216152,1932
15218852,1889
15221560,1885
15224252,2357
15227040,1997
15229652,2363
15232356,2351
15235064,1981
15237860,2284
15240560,2250
15243160,1936
15245956,2270
15248660,1972
15251356,1921
15254140,1886
15256852,2256
15259464,1989
15262260,1997
15264964,1933
15267752,1786
15270456,1740
15273156,1784
15275864,2074
15278568,1993
15281352,2145
15284056,1983
15286760,2154
15289556,2044
15292252,1877
15294964,2230
15297752,1970
15300364,1993
15303152,2263
15305852,1906
15308464,1812
15311264,1979
15313868,2036
15316664,1963
15319356,2230
15322052,2178
15324756,1963
15327556,1884
15330264,2044
15332964,1963
15335760,2361
15338460,2167
15341256,2014
15343956,1943
15346652,1987
15349356,1939
15352060,2143
15354760,1966
15357464,2157
15360160,2264
15362864,1755
15365552,1999
15368264,1862
15370960,1804
15373660,2139
15376352,1785
15379052,2183
15381756,2106
15384452,2268
15387164,2116
15389868,1876
15392564,2004
15395356,1947
15398060,1981
15400660,1947
15403456,1812
15406168,2187
15408852,1930
15411552,2258
15414256,2267
15416956,1911
15419656,1999
15422352,1948
15425056,1840
15427756,1752
15430452,2022
15433164,1999
15435868,1958
15438656,1997
15441356,1984
15444152,2142
15446756,1960
15449456,2054
15452152,2031
15454852,1939
15457556,1967
15460264,1984
15462964,2292
15465756,2087
15468464,2136
15471168,1912
15473952,1808
15476656,2153
15479360,2277
15482052,1943
15484664,2004
15487456,1893
15490164,1936
15492856,1905
15495652,2297
15498364,2020
15501060,1738
15503764,1955
15506552,2272
15509164,2070
15511864,1907
15514660,1961
15517356,2127
15520056,1871
15522760,1873
15525556,2049
15528260,1741
15530964,2047
15533668,1760
15536440,2268
15539156,1969
15541860,1903
15544656,2079
15547360,1740
15550052,2346
15552756,1994
15555452,1836
15558060,2267
15560856,1830
15563564,2357
15566352,1755
15569064,1926
15571760,2224
15574464,2199
15577256,1898
15579964,1722
15582664,1997
15585460,2148
15588060,1939
15590856,1965
15593468,1878
15596264,2229
15598956,2269
15601660,1995
15604456,1768
15607160,1981
15609852,1955
15612556,2038
15615256,2203
15617956,1980
15620656,1855
15623452,1754
15626160,1953
15628860,2144
15631560,1936
15634256,2140
15637052,1957
15639752,1854
15642460,1955
15645152,1990
15647868,2213
15650564,1773
15653360,2215
15656060,1973
15658764,2185
15661564,1962
15664264,2080
15667052,2078
15669756,2166
15672460,1983
15675156,2273
15677860,2172
15680560,2193
15683252,1938
15685956,2266
15688660,2152
15691364,1885
15694140,1872
15696856,2267
15699556,2277
15702260,2191
15704968,1915
15707764,1913
15710552,2043
15713164,1949
15715964,2226
15718752,1928
15721456,1935
15724160,1915
15726864,1995
15729560,1721
15732352,2158
15735056,2005
15737668,2361
15740460,1895
15743164,1941
15745952,2251
15748656,2163
15751356,2268
15754052,1985
15756752,2164
15759468,1952
15762152,1885
15764852,2273
15767564,2361
15770264,1957
15773056,1904
15775852,1918
15778456,1974
15781156,1963
15783864,1817
15786564,2139
15789264,2145
15792052,2132
15794764,2030
15797552,1964
15800256,2249
15802960,2272
15805664,1744
15808440,2153
15811164,2224
15813952,1991
15816656,1937
15819360,1982
15822064,1975
15824760,1904
15827552,1741
15830252,1949
15832960,1954
15835652,2304
15838356,1952
15841052,2263
15843660,2274
15846364,1987
15849160,1950
15851864,1902
15854560,1995
15857260,2238
15860056,1939
15862752,1897
15865452,1996
15868156,1861
15870852,2101
15873556,1952
15876256,1892
15878964,1905
15881664,2066
15884460,2129
15887156,1977
15889868,2019
15892664,2274
15895356,2270
15898152,1789
15900864,2152
15903560,2177
15906356,2146
15909056,1978
15911752,1989
15914456,1886
15917240,1890
15919956,2144
15922660,1967
15925364,2349
15928152,2315
15930856,2093
15933652,1982
15936356,1908
15939060,1956
15941760,1999
15944456,2166
15947252,1946
15949964,1991
15952664,1977
15955364,1903
15958156,1938
15960856,2252
15963556,1981
15966352,1877
15969052,2193
15971752,1945
15974456,1907
15977152,2004
15979864,1947
15982560,2273
15985356,2057
15988056,1992
15990764,2038
15993560,2189
15996264,1958
15998960,2229
16001756,1978
16004456,2209
16007160,1950
16009952,2087
16012652,2320
16015356,1887
16018060,2136
16020760,1979
16023452,2210
16026156,1916
16028868,2317
16031652,2001
16034364,1891
16037152,2162
16039856,2116
16042560,2342
16045260,2287
16047956,2126
16050656,2235
16053356,2049
16056064,2174
16058764,1915
16061560,2001
16064252,1975
16066952,1951
16069664,2141
16072360,2200
16075060,2101
16077752,2145
16080456,2190
16083156,2157
16085860,1888
16088564,1953
16091264,1969
16094052,2013
16096764,1957
16099468,1967
16102160,1990
16104956,1956
16107656,2176
16110364,1845
16113064,1983
16115860,1963
16118556,2359
16121256,2253
16124052,1891
16126664,2281
16129460,2205
16132252,1914
16134864,1756
16137660,2185
16140260,2183
16143056,1965
16145756,1977
16148460,2282
16151256,1916
16153960,1966
16156664,2145
16159456,1757
16162160,1754
16164852,1776
16167556,1959
16170256,1911
16172964,2190
16175664,1998
16178460,1887
16181156,1937
16183864,2142
16186660,1980
16189356,1964
16192056,1937
16194852,1946
16197556,1946
16200260,1823
16202960,1787
16205656,2175
16208364,2251
16211156,1745
16213856,2072
16216556,2094
16219352,1996
16221964,2042
16224760,1811
16227440,1928
16230156,1958
16232856,1986
16235652,2248
16238252,1987
16240956,2229
16243660,1944
16246452,1997
16249164,2144
16251860,1996
16254656,2196
16257360,2054
16260052,1982
16262756,2000
16265456,2145
16268164,1992
16270856,1954
16273556,1989
16276264,1881
16278964,1855
16281760,2000
16284456,2206
16287164,1971
16289960,2268
16292656,2141
16295364,2364
16298160,1888
16300856,2189
16303652,2136
16306352,1914
16308964,1997
16311740,1972
16314464,1979
16317160,2078
16319864,2085
16322568,2149
16325352,1882
16327960,1959
16330664,2275
16333460,2000
16336152,1947
16338860,2196
16341564,1972
16344264,2227
16347052,1988
16349752,2272
16352456,1976
16355160,2042
16357864,1801
16360660,2212
16363356,2028
16366152,1996
16368856,2137
16371468,1944
16374252,1814
16376964,1943
16379664,1973
16382460,2018
16385164,1927
16387864,1949
16390652,1925
16393364,2345
16396056,1998
16398764,2279
16401556,1774
16404260,2134
16406960,2146
16409660,2150
16412352,2279
16415064,1977
16417664,2137
16420452,1996
16423152,1890
16425856,1872
16428560,2280
16431352,2191
16434056,2300
16436756,2276
16439464,1989
16442252,2219
16444964,1931
16447664,1787
16450364,2036
16453160,2169
16455860,1796
16458552,1890
16461252,2090
16463964,1947
16466660,1988
16469360,1990
16472052,2025
16474752,2278
16477452,1991
16480160,1804
16482856,1895
16485652,1984
16488356,2278
16490964,2069
16493660,1966
16496356,1982
16498960,2142
16501664,2174
16504364,1989
16507156,2137
16509864,1987
16512556,2182
16515264,2214
16517960,1942
16520752,1821
16523464,2249
16526160,2268
16528952,2334
16531664,1888
16534356,1936
16537140,1951
16539864,2262
16542556,1962
16545352,1998
16548052,2145
16550752,2302
16553452,2126
16556164,2163
16558860,1887
16561652,1804
16564352,1888
16566960,2145
16569756,1999
16572468,2166
16575164,1821
16577864,1942
16580564,2326
16583360,1856
16586064,2195
16588756,1956
16591368,2143
16594160,2361
16596852,1985
16599556,2341
16602256,1946
16604960,2253
16607664,2029
16610456,2351
16613164,1969
16615852,2047
16618564,2122
16621260,2249
16623960,2145
16626664,1959
16629460,2332
16632164,1823
16634856,2088
16637560,1952
16640260,1946
16642964,2025
16645652,1901
16648364,2234
16651060,1944
16653760,2273
16656552,1984
16659152,1795
16661856,1991
16664560,1950
16667260,1941
16670052,1970
16672760,1940
16675460,1885
16678160,1964
16680856,1908
16683556,1902
16686256,2141
16688964,1974
16691652,2180
16694360,1880
16697056,2146
16699756,2146
16702460,1850
16705256,1834
16707956,1989
16710752,2060
16713352,1902
16716056,1992
16718760,2041
16721464,2182
16724256,1994
16726960,2014
16729660,2277
16732360,1946
16735064,1763
16737764,2139
16740556,2143
16743264,2187
16745956,2105
16748668,2004
16751360,2170
16754156,1939
16756856,1972
16759552,2322
16762264,1942
16764964,1997
16767752,1898
16770456,1977
16773164,1953
16775952,1749
16778664,1999
16781364,1877
16784152,2045
16786864,1959
16789564,2254
16792264,1729
16795056,2215
16797852,1941
16800464,1889
16803164,2051
16805860,2038
16808652,2050
16811340,1969
16814056,2257
16816756,1903
16819540,2159
16822252,1953
16824956,1887
16827656,2015
16830264,2147
16833060,2254
16835760,2016
16838452,1909
16841152,2248
16843864,2358
16846560,2188
16849260,1928
16851964,1933
16854664,2140
16857460,1762
16860156,1987
16862856,1958
16865556,1895
16868264,2030
16870956,2279
16873656,2227
16876352,2216
16879064,1910
16881768,1986
16884552,1970
16887252,1931
16889952,2140
16892564,1886
16895360,2359
16898060,1960
16900756,2029
16903456,1956
16906068,1872
16908860,1914
16911564,1997
16914268,2222
16917060,2263
16919764,2349
16922464,2269
16925260,2131
16927960,1916
16930656,2000
16933440,1956
16936140,2145
16938856,2263
16941556,1918
16944352,2225
16947060,2002
16949760,1898
16952464,2132
16955164,1899
16957960,1957
16960664,1961
16963364,1788
16966160,1944
16968860,1883
16971552,1968
16974256,2263
16976964,2002
16979660,1975
16982360,2330
16985056,2038
16987756,1939
16990456,1887
16993164,2180
16995864,2175
16998660,1970
17001364,1970
17004064,1935
17006856,2026
17009564,1940
17012256,1987
17014956,1926
17017664,2363
17020352,1992
17022968,2369
17025752,2180
17028464,1998
17031160,2171
17033952,1972
17036656,1952
17039452,1886
17042064,1935
17044752,2328
17047456,1923
17050156,1950
17052856,1959
17055560,2028
17058264,2142
17060964,1943
17063668,1789
17066460,1997
17069164,2043
17071868,1998
17074664,1967
17077364,2147
17080152,1899
17082852,1957
17085556,1990
17088168,1950
17090960,2057
17093660,2144
17096356,1868
17099056,1989
17101760,2074
17104464,1989
17107256,1876
17109964,2183
17112664,1974
17115460,2289
17118156,2121
17120864,2270
17123660,1743
17126356,2022
17129056,1984
17131852,1955
17134560,1883
17137260,1983
17139960,2171
17142660,1952
17145452,2024
17148152,1993
17150860,1980
17153552,1881
17156256,2277
17158960,1894
17161652,1990
17164364,1905
17167060,2157
17169760,1858
17172464,2354
17175240,1939
17177952,1960
17180656,1797
17183356,2281
17186060,2194
17188756,2260
17191540,2098
17194252,1914
17196960,2281
17199660,1910
17202456,1932
17205164,2283
17207856,1897
17210568,2371
17213264,2335
17215956,1756
17218656,1974
17221364,1950
17224056,2143
17226764,2145
17229460,2229
17232160,2178
17234856,2311
17237564,2257
17240268,1925
17243052,1999
17245756,1918
17248456,1935
17251160,1984
17253856,2330
17256556,1729
17259264,1903
17261964,1925
17264760,1987
17267456,1976
17270156,2145
17272868,2263
17275564,1982
17278256,2255
17280960,1897
17283752,1932
17286464,2131
17289160,1842
17291952,1946
17294664,2025
17297356,2029
17300060,2278
17302760,1955
17305456,2363
17308156,2166
17310860,1939
17313556,1914
17316256,1858
17319040,2048
17321756,2145
17324456,1776
17327240,1889
17329852,1965
17332552,2028
17335260,1897
17337960,1989
17340756,1881
17343464,2257
17346164,2146
17348960,1946
17351656,2064
17354356,2053
17357156,1980
17359860,2264
17362564,2000
17365352,1934
17368056,1741
17370760,2145
17373460,2323
17376156,2139
17378760,2241
17381552,1896
17384260,1986
17386952,2138
17389664,2142
17392360,2315
17395156,2274
17397860,2184
17400556,2263
17403340,2274
17406052,2235
17408760,1861
17411460,1902
17414160,1880
17416852,1989
17419556,1941
17422260,1960
17424964,1974
17427660,1823
17430356,2203
17433056,2194
17435760,1987
17438452,1821
17441156,1855
17443864,2197
17446560,2167
17449240,1893
17451860,2097
17454652,1959
17457352,2132
17459964,2139
17462760,1897
17465460,1874
17468164,2157
17470960,1989
17473664,2280
17476360,1908
17479152,2172
17481864,1820
17484560,1989
17487356,1860
17490060,2114
17492752,2277
17495456,1818
17498168,2298
17500864,2277
17503564,1996
17506360,1806
17509056,1899
17511756,2146
17514460,2248
17517256,1977
17519956,1882
17522652,2017
17525356,1977
17528152,2199
17530860,1947
17533552,2238
17536256,1988
17538960,2137
17541652,1969
17544368,1993
17547064,2052
17549856,1756
17552560,2166
17555256,1899
17557956,1917
17560752,1925
17563460,1941
17566164,2317
17568956,1941
17571664,1929
17574364,1956
17577160,1970
17579860,1781
17582652,2343
17585356,1889
17588064,1957
17590752,1941
17593456,2047
17596152,2284
17598856,2139
17601652,1896
17604264,1984
17607060,2094
17609760,1792
17612456,1895
17615160,1898
17617864,2284
17620656,2375
17623360,2352
17626064,2036
17628764,1816
17631556,1911
17634252,2052
17636964,1819
17639656,1910
17642352,2158
17645064,1981
17647764,1937
17650464,2144
17653164,2281
17655956,1976
17658652,1999
17661260,2358
17663964,1750
17666764,2277
17669452,1771
17672160,2142
17674860,1990
17677560,2033
17680164,2157
17682860,1932
17685656,1990
17688360,2003
17691064,1945
17693764,2006
17696460,1793
17699164,2188
17701860,1941
17704652,1938
17707364,1972
17710060,2287
17712856,2283
17715556,1902
17718260,1884
17720940,1967
17723640,2201
17726356,1977
17729056,1978
17731852,1940
17734560,1962
17737260,1944
17739960,2085
17742656,1946
17745452,2207
17748164,2198
17750860,2000
17753652,1917
17756356,2088
17759060,2001
17761764,1935
17764468,1934
17767164,1933
17769864,2147
17772656,1973
17775364,1935
17778064,1955
17780860,2257
17783552,2000
17786256,2286
17788940,2234
17791664,1888
17794356,1999
17797052,2149
17799756,1939
17802456,2277
17805164,1911
17807856,1946
17810556,2209
17813256,1975
17815956,1961
17818660,2029
17821356,2034
17824056,1949
17826760,1891
17829464,2244
17832260,1888
17834952,2008
17837656,1883
17840456,2208
17843160,1901
17845852,2140
17848556,2125
17851252,1988
17853964,1934
17856752,1881
17859456,2150
17862160,2155
17864860,1858
17867556,1955
17870352,2141
17873064,1932
17875760,2237
17878456,1887
17881240,1757
17883856,2196
17886556,2147
17889252,2366
17891956,1893
17894656,2155
17897364,1935
17900064,2259
17902860,1910
17905560,2349
17908352,1965
17911056,1909
17913752,1995
17916456,2152
17919160,2266
17921860,1987
17924652,1791
17927364,1902
17930060,1946
17932852,1969
17935564,2149
17938260,1951
17941052,2279
17943756,2231
17946440,2236
17949152,1780
17951840,1968
17954460,2164
17957160,2363
17959864,2134
17962568,1905
17965352,2122
17967964,1993
17970760,2027
17973464,1985
17976160,2266
17978952,1971
17981652,1938
17984360,2102
17987060,2143
17989856,1894
17992468,2253
17995264,2332
17997964,2258
18000664,1775
18003364,2154
18006156,2038
18008864,2269
18011564,1963
18014360,2148
18017056,1795
18019768,2170
18022552,2150
18025256,1955
18027956,1978
18030664,2026
18033452,2035
18036164,1934
18038864,2344
18041652,1895
18044364,1995
18046964,2179
18049760,2222
18052460,1885
18055152,2023
18057856,1987
18060556,2000
18063240,1982
18065964,1991
18068664,2041
18071452,2176
18074152,1985
18076864,1980
18079560,1937
18082356,2265
18085056,1957
18087760,1778
18090464,1949
18093256,1977
18095964,1940
18098664,2051
18101460,2286
18104060,1966
18106852,1905
18109556,1790
18112264,2330
18114952,1882
18117668,1993
18120364,2209
18123160,2232
18125864,1960
18128564,1827
18131360,1970
18134060,1976
18136756,2222
18139460,1855
18142152,1980
18144856,2250
18147652,1998
18150360,1977
18153064,1960
18155856,1883
18158564,1983
18161264,2160
18164060,1950
18166756,1894
18169456,1955
18172160,2162
18174852,2200
18177556,2234
18180260,1951
18182956,2054
18185656,2027
18188440,2263
18191052,1973
18193756,2199
18196460,2161
18199256,2272
18201956,2252
18204664,1808
18207364,2291
18210156,1914
18212952,2133
18215568,2054
18218352,1937
18221064,1978
18223760,1938
18226556,1983
18229352,1983
18231968,1976
18234764,2238
18237468,1987
18240256,1907
18242956,1904
18245664,1884
18248452,1971
18251152,1981
18253868,2267
18256564,2245
18259256,1950
18261960,1894
18264652,1963
18267356,1815
18270060,2277
18272756,1984
18275456,2151
18278152,1966
18280856,2135
18283652,2225
18286260,1993
18288964,1983
18291664,1940
18294460,1922
18297164,1898
18299860,1935
18302656,1970
18305360,1904
18308056,2175
18310852,2157
18313552,2147
18316260,2146
18318952,2351
18321656,2294
18324352,2130
18327056,1980
18329852,1991
18332560,1982
18335240,2146
18337964,2146
18340660,1849
18343456,1913
18346160,2061
18348856,1969
18351652,2032
18354352,2154
18357060,1731
18359760,1893
18362556,1985
18365264,2163
18367964,1983
18370760,2200
18373364,1985
18376156,1968
18378860,2146
18381556,1962
18384264,2045
18387060,2056
18389660,2003
18392456,1824
18395252,1935
18397864,2157
18400660,1890
18403264,2210
18405964,1990
18408660,1943
18411364,1937
18414068,1885
18416852,2154
18419556,2250
18422260,2143
18424960,1932
18427656,1876
18430264,1989
